station,valid,tmpc,drct,sknt,vsby,wxcodes,skyc1,skyl1
BOS,2024-01-01 00:54,1.11,350.00,9.00,10.00,null,OVC,3900.00
BOS,2024-01-01 01:54,0.56,340.00,7.00,10.00,null,OVC,3700.00
BOS,2024-01-01 02:54,0.56,340.00,7.00,10.00,null,OVC,3700.00
BOS,2024-01-01 03:54,0.56,350.00,5.00,10.00,null,OVC,3500.00
BOS,2024-01-01 04:54,0.56,null,3.00,10.00,null,OVC,3500.00
BOS,2024-01-01 05:54,0.56,320.00,7.00,10.00,null,OVC,3800.00
BOS,2024-01-01 06:54,0.56,320.00,6.00,10.00,null,OVC,3700.00
BOS,2024-01-01 07:54,0.56,320.00,7.00,10.00,null,OVC,3900.00
BOS,2024-01-01 08:54,0.56,360.00,4.00,10.00,null,OVC,3800.00
BOS,2024-01-01 09:54,0.00,360.00,4.00,10.00,null,OVC,3900.00
BOS,2024-01-01 10:54,0.00,20.00,5.00,10.00,null,OVC,4000.00
BOS,2024-01-01 11:54,0.00,10.00,5.00,10.00,null,OVC,4100.00
BOS,2024-01-01 12:54,0.00,10.00,4.00,10.00,null,FEW,3000.00
BOS,2024-01-01 13:54,0.00,10.00,7.00,10.00,null,FEW,3000.00
BOS,2024-01-01 14:54,0.56,350.00,7.00,10.00,null,FEW,3000.00
BOS,2024-01-01 15:54,1.67,null,5.00,10.00,null,OVC,3900.00
BOS,2024-01-01 16:54,2.22,null,5.00,10.00,null,FEW,3000.00
BOS,2024-01-01 17:54,2.22,340.00,6.00,10.00,null,FEW,3000.00
BOS,2024-01-01 18:54,3.33,350.00,5.00,10.00,null,SCT,3500.00
BOS,2024-01-01 19:54,3.33,320.00,5.00,10.00,null,FEW,3500.00
BOS,2024-01-01 20:54,2.78,null,3.00,10.00,null,FEW,3500.00
BOS,2024-01-01 21:54,1.67,360.00,6.00,10.00,null,FEW,3500.00
BOS,2024-01-01 22:54,0.56,60.00,6.00,10.00,null,FEW,3500.00
BOS,2024-01-01 23:54,0.00,40.00,3.00,10.00,null,CLR,null
BOS,2024-01-02 00:54,-0.56,350.00,6.00,10.00,null,FEW,2700.00
BOS,2024-01-02 01:54,-0.56,350.00,6.00,10.00,null,FEW,2900.00
BOS,2024-01-02 02:54,-1.67,340.00,5.00,10.00,null,FEW,3100.00
BOS,2024-01-02 03:54,-1.67,340.00,5.00,10.00,null,CLR,null
BOS,2024-01-02 04:54,-2.22,330.00,8.00,10.00,null,CLR,null
BOS,2024-01-02 05:54,-2.78,340.00,7.00,10.00,null,CLR,null
BOS,2024-01-02 06:54,-3.33,310.00,4.00,10.00,null,CLR,null
BOS,2024-01-02 07:54,-3.89,310.00,9.00,10.00,null,CLR,null
BOS,2024-01-02 08:54,-4.44,320.00,5.00,10.00,null,CLR,null
BOS,2024-01-02 09:54,-4.44,320.00,8.00,10.00,null,CLR,null
BOS,2024-01-02 10:54,-3.89,320.00,5.00,10.00,null,CLR,null
BOS,2024-01-02 11:54,-3.89,300.00,6.00,10.00,null,FEW,5000.00
BOS,2024-01-02 12:54,-3.33,210.00,6.00,10.00,null,FEW,5000.00
BOS,2024-01-02 13:54,-1.67,300.00,6.00,10.00,null,FEW,5000.00
BOS,2024-01-02 14:54,-0.56,290.00,7.00,10.00,null,FEW,5000.00
BOS,2024-01-02 15:54,0.00,250.00,5.00,10.00,null,FEW,25000.00
BOS,2024-01-02 16:54,1.67,240.00,5.00,10.00,null,FEW,25000.00
BOS,2024-01-02 17:54,2.78,280.00,5.00,10.00,null,FEW,25000.00
BOS,2024-01-02 18:54,3.89,270.00,3.00,10.00,null,FEW,25000.00
BOS,2024-01-02 19:54,5.00,310.00,4.00,10.00,null,FEW,25000.00
BOS,2024-01-02 20:54,3.89,0.00,0.00,10.00,null,CLR,null
BOS,2024-01-02 21:54,3.33,220.00,7.00,10.00,null,CLR,null
BOS,2024-01-02 22:54,2.78,220.00,7.00,10.00,null,CLR,null
BOS,2024-01-02 23:54,3.33,280.00,5.00,10.00,null,CLR,null
BOS,2024-01-03 00:54,2.22,240.00,6.00,10.00,null,CLR,null
BOS,2024-01-03 01:54,0.56,210.00,7.00,10.00,null,CLR,null
BOS,2024-01-03 02:54,1.11,230.00,6.00,10.00,null,CLR,null
BOS,2024-01-03 03:54,1.11,270.00,6.00,10.00,null,CLR,null
BOS,2024-01-03 04:54,1.11,280.00,7.00,10.00,null,CLR,null
BOS,2024-01-03 05:54,0.56,290.00,10.00,10.00,null,CLR,null
BOS,2024-01-03 06:54,-0.56,300.00,8.00,10.00,null,CLR,null
BOS,2024-01-03 07:54,-0.56,300.00,7.00,10.00,null,FEW,25000.00
BOS,2024-01-03 08:54,-0.56,300.00,5.00,10.00,null,FEW,25000.00
BOS,2024-01-03 09:54,-0.56,300.00,9.00,10.00,null,FEW,25000.00
BOS,2024-01-03 10:54,-0.56,310.00,5.00,10.00,null,FEW,25000.00
BOS,2024-01-03 11:54,-0.56,300.00,7.00,10.00,null,FEW,5000.00
BOS,2024-01-03 12:54,0.00,320.00,7.00,10.00,null,FEW,5000.00
BOS,2024-01-03 13:54,1.11,310.00,8.00,10.00,null,FEW,5000.00
BOS,2024-01-03 14:54,3.33,290.00,6.00,10.00,null,FEW,5000.00
BOS,2024-01-03 15:54,4.44,300.00,7.00,10.00,null,FEW,5000.00
BOS,2024-01-03 16:54,5.00,320.00,8.00,10.00,null,FEW,5000.00
BOS,2024-01-03 17:54,5.56,360.00,5.00,10.00,null,FEW,5000.00
BOS,2024-01-03 18:54,5.00,null,3.00,10.00,null,SCT,3800.00
BOS,2024-01-03 19:54,5.56,10.00,3.00,10.00,null,BKN,4200.00
BOS,2024-01-03 20:54,5.00,280.00,4.00,10.00,null,FEW,2400.00
BOS,2024-01-03 21:54,5.00,300.00,5.00,10.00,null,OVC,4000.00
BOS,2024-01-03 22:54,5.00,310.00,8.00,10.00,null,OVC,3800.00
BOS,2024-01-03 23:54,4.44,290.00,7.00,10.00,null,OVC,4100.00
BOS,2024-01-04 00:54,4.44,290.00,7.00,10.00,null,OVC,4100.00
BOS,2024-01-04 01:54,3.89,290.00,5.00,10.00,null,OVC,4500.00
BOS,2024-01-04 02:54,3.89,250.00,5.00,10.00,null,OVC,4800.00
BOS,2024-01-04 03:54,3.89,290.00,6.00,10.00,null,OVC,4700.00
BOS,2024-01-04 04:54,3.89,240.00,4.00,10.00,null,OVC,4700.00
BOS,2024-01-04 05:54,3.33,250.00,4.00,10.00,null,OVC,4600.00
BOS,2024-01-04 06:54,2.78,230.00,6.00,10.00,null,OVC,4600.00
BOS,2024-01-04 07:54,3.33,260.00,5.00,10.00,null,OVC,4800.00
BOS,2024-01-04 08:54,3.33,250.00,5.00,10.00,null,OVC,4600.00
BOS,2024-01-04 09:54,3.33,240.00,5.00,10.00,null,OVC,4800.00
BOS,2024-01-04 10:54,3.33,290.00,10.00,10.00,null,OVC,5500.00
BOS,2024-01-04 11:54,2.78,290.00,7.00,10.00,null,OVC,5500.00
BOS,2024-01-04 12:54,2.78,220.00,8.00,10.00,null,BKN,5500.00
BOS,2024-01-04 13:54,2.78,220.00,9.00,10.00,null,SCT,7500.00
BOS,2024-01-04 14:54,3.89,230.00,9.00,10.00,null,FEW,7500.00
BOS,2024-01-04 15:54,5.00,290.00,10.00,10.00,null,FEW,5000.00
BOS,2024-01-04 16:54,5.56,280.00,9.00,10.00,null,FEW,4000.00
BOS,2024-01-04 17:54,7.22,280.00,6.00,10.00,null,FEW,4000.00
BOS,2024-01-04 18:54,6.11,300.00,14.00,10.00,null,FEW,4000.00
BOS,2024-01-04 19:54,6.11,310.00,11.00,10.00,null,FEW,4200.00
BOS,2024-01-04 20:54,3.89,330.00,18.00,10.00,null,BKN,4600.00
BOS,2024-01-04 21:54,3.33,330.00,12.00,10.00,null,FEW,6500.00
BOS,2024-01-04 22:54,1.67,330.00,19.00,10.00,null,FEW,6500.00
BOS,2024-01-04 23:54,0.00,330.00,15.00,10.00,null,CLR,null
BOS,2024-01-05 00:54,-1.11,310.00,17.00,10.00,null,CLR,null
BOS,2024-01-05 01:54,-2.22,320.00,16.00,10.00,null,CLR,null
BOS,2024-01-05 02:54,-3.33,330.00,19.00,10.00,null,CLR,null
BOS,2024-01-05 03:54,-4.44,320.00,21.00,10.00,null,CLR,null
BOS,2024-01-05 04:54,-5.00,320.00,14.00,10.00,null,CLR,null
BOS,2024-01-05 05:54,-5.00,300.00,17.00,10.00,null,CLR,null
BOS,2024-01-05 06:54,-5.56,290.00,18.00,10.00,null,CLR,null
BOS,2024-01-05 07:54,-5.56,290.00,19.00,10.00,null,CLR,null
BOS,2024-01-05 08:54,-5.56,300.00,15.00,10.00,null,CLR,null
BOS,2024-01-05 09:54,-6.11,300.00,17.00,10.00,null,FEW,25000.00
BOS,2024-01-05 10:54,-6.11,290.00,13.00,10.00,null,FEW,25000.00
BOS,2024-01-05 11:54,-6.11,290.00,15.00,10.00,null,FEW,5000.00
BOS,2024-01-05 12:54,-6.11,300.00,16.00,10.00,null,FEW,5000.00
BOS,2024-01-05 13:54,-5.00,290.00,18.00,10.00,null,FEW,5000.00
BOS,2024-01-05 14:54,-3.33,300.00,16.00,10.00,null,FEW,5000.00
BOS,2024-01-05 15:54,-2.22,300.00,15.00,10.00,null,FEW,5000.00
BOS,2024-01-05 16:54,-0.56,310.00,10.00,10.00,null,FEW,5000.00
BOS,2024-01-05 17:54,0.56,310.00,13.00,10.00,null,FEW,6000.00
BOS,2024-01-05 18:54,0.56,310.00,16.00,10.00,null,FEW,6000.00
BOS,2024-01-05 19:54,1.11,300.00,11.00,10.00,null,FEW,6500.00
BOS,2024-01-05 20:54,0.00,300.00,9.00,10.00,null,FEW,6000.00
BOS,2024-01-05 21:54,0.00,320.00,9.00,10.00,null,CLR,null
BOS,2024-01-05 22:54,-0.56,320.00,9.00,10.00,null,CLR,null
BOS,2024-01-05 23:54,-1.11,280.00,7.00,10.00,null,FEW,25000.00
BOS,2024-01-06 00:54,-0.56,300.00,8.00,10.00,null,BKN,3900.00
BOS,2024-01-06 01:54,0.00,290.00,7.00,10.00,null,OVC,3600.00
BOS,2024-01-06 02:54,0.00,260.00,8.00,10.00,null,OVC,3500.00
BOS,2024-01-06 03:54,0.00,270.00,9.00,10.00,null,OVC,3400.00
BOS,2024-01-06 04:54,0.00,290.00,11.00,10.00,null,OVC,3500.00
BOS,2024-01-06 05:54,-0.56,280.00,11.00,10.00,null,BKN,3700.00
BOS,2024-01-06 06:54,-0.56,280.00,6.00,10.00,null,BKN,3700.00
BOS,2024-01-06 07:54,-0.56,270.00,6.00,10.00,null,OVC,3800.00
BOS,2024-01-06 08:54,0.00,260.00,7.00,10.00,null,OVC,3600.00
BOS,2024-01-06 09:54,-0.56,220.00,8.00,10.00,null,OVC,3600.00
BOS,2024-01-06 10:54,-0.56,220.00,7.00,10.00,null,OVC,3600.00
BOS,2024-01-06 11:54,-0.56,240.00,5.00,10.00,null,OVC,3700.00
BOS,2024-01-06 12:54,0.00,230.00,5.00,10.00,null,OVC,3800.00
BOS,2024-01-06 13:54,0.56,330.00,4.00,10.00,null,BKN,3700.00
BOS,2024-01-06 14:54,2.22,340.00,4.00,10.00,null,SCT,3900.00
BOS,2024-01-06 15:54,2.22,30.00,3.00,10.00,null,SCT,4000.00
BOS,2024-01-06 16:54,2.22,50.00,7.00,10.00,null,SCT,4000.00
BOS,2024-01-06 17:54,1.67,70.00,5.00,10.00,null,BKN,3700.00
BOS,2024-01-06 18:54,1.67,110.00,6.00,10.00,null,OVC,3300.00
BOS,2024-01-06 19:54,2.22,100.00,7.00,10.00,null,OVC,3200.00
BOS,2024-01-06 20:54,1.67,100.00,6.00,10.00,null,SCT,2900.00
BOS,2024-01-06 21:54,2.22,160.00,5.00,10.00,null,SCT,2800.00
BOS,2024-01-06 22:54,2.22,150.00,4.00,10.00,null,OVC,3800.00
BOS,2024-01-06 23:54,2.22,90.00,5.00,10.00,null,OVC,3400.00
BOS,2024-01-07 00:54,2.22,150.00,3.00,10.00,null,BKN,2600.00
BOS,2024-01-07 01:54,0.56,110.00,9.00,2.50,-SN BR,SCT,1100.00
BOS,2024-01-07 02:54,2.78,90.00,25.00,7.00,-RA,BKN,1200.00
BOS,2024-01-07 03:54,2.78,90.00,26.00,10.00,-RA,BKN,1400.00
BOS,2024-01-07 04:54,2.78,80.00,21.00,6.00,RA BR,BKN,1000.00
BOS,2024-01-07 05:54,2.22,80.00,22.00,5.00,-RA BR,BKN,800.00
BOS,2024-01-07 06:54,1.11,70.00,24.00,4.00,-SN BR,OVC,800.00
BOS,2024-01-07 07:54,1.11,80.00,25.00,3.00,-SN BR,BKN,600.00
BOS,2024-01-07 08:54,1.11,80.00,23.00,3.00,-SN BR,BKN,600.00
BOS,2024-01-07 09:54,1.67,70.00,22.00,5.00,-SN BR,BKN,900.00
BOS,2024-01-07 10:54,1.67,60.00,22.00,5.00,-RASN BR,BKN,800.00
BOS,2024-01-07 11:54,1.67,60.00,23.00,6.00,-SN BR,BKN,800.00
BOS,2024-01-07 12:54,1.67,60.00,21.00,5.00,-RASN BR,BKN,800.00
BOS,2024-01-07 13:54,1.67,60.00,24.00,6.00,-SN BR,BKN,800.00
BOS,2024-01-07 14:54,1.67,50.00,23.00,3.00,-SN BR,BKN,900.00
BOS,2024-01-07 15:54,1.67,50.00,25.00,2.50,-SN BR,BKN,900.00
BOS,2024-01-07 16:54,1.11,40.00,18.00,2.00,-SN BR,BKN,700.00
BOS,2024-01-07 17:54,1.11,30.00,19.00,1.25,-SN BR,BKN,700.00
BOS,2024-01-07 18:54,-1.67,340.00,16.00,0.25,+SN FZFG,VV ,300.00
BOS,2024-01-07 19:54,-3.33,350.00,15.00,0.25,+SN FZFG,VV ,500.00
BOS,2024-01-07 20:54,-3.33,360.00,20.00,1.25,-SN BR,FEW,700.00
BOS,2024-01-07 21:54,-3.33,350.00,16.00,4.00,-SN BR,FEW,800.00
BOS,2024-01-07 22:54,-3.89,350.00,17.00,6.00,-SN BR,FEW,800.00
BOS,2024-01-07 23:54,-4.44,330.00,12.00,10.00,-SN,BKN,1400.00
BOS,2024-01-08 00:54,-4.44,320.00,12.00,2.50,-SN BR,FEW,800.00
BOS,2024-01-08 01:54,-3.89,320.00,12.00,1.75,-SN BR,SCT,900.00
BOS,2024-01-08 02:54,-3.89,320.00,12.00,3.00,-SN BR,SCT,1100.00
BOS,2024-01-08 03:54,-3.89,330.00,11.00,10.00,null,SCT,2000.00
BOS,2024-01-08 04:54,-3.33,310.00,8.00,10.00,null,FEW,2000.00
BOS,2024-01-08 05:54,-3.33,320.00,8.00,9.00,null,BKN,3800.00
BOS,2024-01-08 06:54,-2.78,310.00,7.00,10.00,null,OVC,3200.00
BOS,2024-01-08 07:54,-2.78,310.00,6.00,10.00,null,OVC,3400.00
BOS,2024-01-08 08:54,-2.78,330.00,5.00,10.00,null,OVC,3300.00
BOS,2024-01-08 09:54,-2.22,300.00,7.00,10.00,null,OVC,3100.00
BOS,2024-01-08 10:54,-1.67,300.00,8.00,10.00,null,OVC,3100.00
BOS,2024-01-08 11:54,-2.22,320.00,9.00,10.00,null,FEW,3000.00
BOS,2024-01-08 12:54,-2.22,320.00,11.00,10.00,null,SCT,3000.00
BOS,2024-01-08 13:54,-2.22,320.00,10.00,10.00,null,BKN,3100.00
BOS,2024-01-08 14:54,-1.67,320.00,8.00,10.00,null,SCT,3000.00
BOS,2024-01-08 15:54,-0.56,310.00,14.00,10.00,null,FEW,3000.00
BOS,2024-01-08 16:54,0.56,300.00,12.00,10.00,null,FEW,3000.00
BOS,2024-01-08 17:54,1.11,320.00,10.00,10.00,null,FEW,3000.00
BOS,2024-01-08 18:54,1.11,290.00,11.00,10.00,null,SCT,3100.00
BOS,2024-01-08 19:54,2.22,270.00,9.00,10.00,null,FEW,3200.00
BOS,2024-01-08 20:54,1.67,300.00,6.00,10.00,null,FEW,3500.00
BOS,2024-01-08 21:54,1.67,290.00,7.00,10.00,null,FEW,3500.00
BOS,2024-01-08 22:54,1.67,270.00,5.00,10.00,null,FEW,25000.00
BOS,2024-01-08 23:54,1.11,310.00,8.00,10.00,null,FEW,4000.00
BOS,2024-01-09 00:54,1.11,300.00,7.00,10.00,null,FEW,25000.00
BOS,2024-01-09 01:54,0.56,280.00,4.00,10.00,null,FEW,25000.00
BOS,2024-01-09 02:54,-0.56,240.00,5.00,10.00,null,CLR,null
BOS,2024-01-09 03:54,0.00,310.00,6.00,10.00,null,CLR,null
BOS,2024-01-09 04:54,-1.11,290.00,6.00,10.00,null,CLR,null
BOS,2024-01-09 05:54,-1.11,300.00,6.00,10.00,null,CLR,null
BOS,2024-01-09 06:54,-1.67,300.00,5.00,10.00,null,CLR,null
BOS,2024-01-09 07:54,-1.11,300.00,5.00,10.00,null,CLR,null
BOS,2024-01-09 08:54,-2.78,350.00,5.00,10.00,null,FEW,25000.00
BOS,2024-01-09 09:54,-2.78,340.00,4.00,10.00,null,CLR,null
BOS,2024-01-09 10:54,-1.67,0.00,0.00,10.00,null,CLR,null
BOS,2024-01-09 11:54,-1.67,320.00,3.00,10.00,null,FEW,6000.00
BOS,2024-01-09 12:54,-1.11,0.00,0.00,10.00,null,FEW,6000.00
BOS,2024-01-09 13:54,-1.11,50.00,4.00,10.00,null,OVC,16000.00
BOS,2024-01-09 14:54,-0.56,10.00,3.00,10.00,null,BKN,16000.00
BOS,2024-01-09 15:54,0.00,0.00,0.00,10.00,null,FEW,5000.00
BOS,2024-01-09 16:54,0.56,80.00,4.00,10.00,null,FEW,5000.00
BOS,2024-01-09 17:54,0.56,90.00,5.00,10.00,null,SCT,3800.00
BOS,2024-01-09 18:54,1.67,90.00,8.00,10.00,null,SCT,3900.00
BOS,2024-01-09 19:54,2.78,100.00,11.00,10.00,null,SCT,3800.00
BOS,2024-01-09 20:54,2.78,110.00,13.00,10.00,null,SCT,3800.00
BOS,2024-01-09 21:54,3.33,120.00,13.00,10.00,null,SCT,3700.00
BOS,2024-01-09 22:54,3.33,110.00,18.00,null,-RA,SCT,3100.00
BOS,2024-01-09 23:54,3.89,110.00,20.00,8.00,-RA,SCT,1400.00
BOS,2024-01-10 00:54,4.44,110.00,22.00,5.00,-RA BR,FEW,800.00
BOS,2024-01-10 01:54,5.00,120.00,27.00,5.00,RA BR,BKN,800.00
BOS,2024-01-10 02:54,5.56,120.00,24.00,5.00,RA BR,FEW,900.00
BOS,2024-01-10 03:54,5.56,120.00,27.00,4.00,RA BR,SCT,800.00
BOS,2024-01-10 04:54,6.11,120.00,26.00,4.00,+RA BR,OVC,900.00
BOS,2024-01-10 05:54,7.78,130.00,28.00,3.00,+RA BR,SCT,900.00
BOS,2024-01-10 06:54,8.33,130.00,29.00,2.50,+RA BR,BKN,1300.00
BOS,2024-01-10 07:54,8.89,130.00,29.00,2.50,+RA BR,SCT,1300.00
BOS,2024-01-10 08:54,10.00,330.00,12.00,1.50,+RA BR,SCT,800.00
BOS,2024-01-10 09:54,9.44,80.00,11.00,4.00,+RA BR,FEW,1000.00
BOS,2024-01-10 10:54,9.44,130.00,13.00,4.00,BR,FEW,1300.00
BOS,2024-01-10 11:54,11.67,180.00,20.00,7.00,null,FEW,900.00
BOS,2024-01-10 12:54,12.78,210.00,16.00,10.00,null,FEW,900.00
BOS,2024-01-10 13:54,13.33,210.00,15.00,10.00,null,FEW,1700.00
BOS,2024-01-10 14:54,11.67,280.00,17.00,10.00,null,SCT,2200.00
BOS,2024-01-10 15:54,11.11,260.00,12.00,10.00,null,FEW,2500.00
BOS,2024-01-10 16:54,11.11,260.00,15.00,10.00,null,FEW,2500.00
BOS,2024-01-10 17:54,10.56,230.00,18.00,10.00,null,BKN,3600.00
BOS,2024-01-10 18:54,10.00,250.00,17.00,10.00,null,SCT,3500.00
BOS,2024-01-10 19:54,10.00,260.00,16.00,10.00,null,SCT,4300.00
BOS,2024-01-10 20:54,9.44,240.00,16.00,10.00,null,FEW,5000.00
BOS,2024-01-10 21:54,8.33,240.00,19.00,10.00,null,SCT,4500.00
BOS,2024-01-10 22:54,7.78,240.00,18.00,10.00,null,BKN,4500.00
BOS,2024-01-10 23:54,7.78,240.00,15.00,10.00,null,FEW,6500.00
BOS,2024-01-11 00:54,6.67,250.00,13.00,10.00,null,FEW,5500.00
BOS,2024-01-11 01:54,7.22,230.00,14.00,10.00,null,OVC,5500.00
BOS,2024-01-11 02:54,7.22,250.00,16.00,10.00,null,BKN,5000.00
BOS,2024-01-11 03:54,7.22,250.00,15.00,10.00,null,OVC,5000.00
BOS,2024-01-11 04:54,6.67,270.00,13.00,10.00,null,OVC,5000.00
BOS,2024-01-11 05:54,6.67,280.00,14.00,10.00,null,OVC,5000.00
BOS,2024-01-11 06:54,5.56,270.00,12.00,10.00,null,BKN,4500.00
BOS,2024-01-11 07:54,5.56,280.00,18.00,10.00,null,BKN,4700.00
BOS,2024-01-11 08:54,5.00,260.00,14.00,10.00,null,BKN,4800.00
BOS,2024-01-11 09:54,4.44,270.00,10.00,10.00,null,OVC,4600.00
BOS,2024-01-11 10:54,4.44,270.00,10.00,10.00,null,BKN,4500.00
BOS,2024-01-11 11:54,4.44,270.00,13.00,10.00,null,BKN,4400.00
BOS,2024-01-11 12:54,3.89,280.00,14.00,10.00,null,OVC,4300.00
BOS,2024-01-11 13:54,4.44,270.00,12.00,10.00,null,OVC,4100.00
BOS,2024-01-11 14:54,4.44,270.00,16.00,10.00,null,OVC,4400.00
BOS,2024-01-11 15:54,5.00,280.00,14.00,10.00,null,BKN,4300.00
BOS,2024-01-11 16:54,6.11,270.00,11.00,10.00,null,BKN,4400.00
BOS,2024-01-11 17:54,6.67,280.00,13.00,10.00,null,BKN,4800.00
BOS,2024-01-11 18:54,6.67,270.00,10.00,10.00,null,BKN,4900.00
BOS,2024-01-11 19:54,6.67,280.00,10.00,10.00,null,BKN,5500.00
BOS,2024-01-11 20:54,6.11,260.00,9.00,10.00,null,BKN,6000.00
BOS,2024-01-11 21:54,6.11,250.00,8.00,10.00,null,OVC,6000.00
BOS,2024-01-11 22:54,6.11,240.00,6.00,10.00,null,BKN,6000.00
BOS,2024-01-11 23:54,5.56,240.00,7.00,10.00,null,BKN,7000.00
BOS,2024-01-12 00:54,5.00,230.00,9.00,10.00,null,BKN,6500.00
BOS,2024-01-12 01:54,4.44,240.00,9.00,10.00,null,BKN,8000.00
BOS,2024-01-12 02:54,4.44,230.00,11.00,10.00,null,BKN,7500.00
BOS,2024-01-12 03:54,4.44,230.00,8.00,10.00,null,BKN,6500.00
BOS,2024-01-12 04:54,3.89,230.00,9.00,10.00,null,OVC,6500.00
BOS,2024-01-12 05:54,3.33,240.00,8.00,10.00,null,CLR,null
BOS,2024-01-12 06:54,3.33,230.00,10.00,10.00,null,SCT,5000.00
BOS,2024-01-12 07:54,2.22,220.00,8.00,10.00,null,FEW,5000.00
BOS,2024-01-12 08:54,3.33,240.00,11.00,10.00,null,SCT,5000.00
BOS,2024-01-12 09:54,2.78,230.00,7.00,10.00,null,FEW,5000.00
BOS,2024-01-12 10:54,4.44,260.00,9.00,10.00,null,FEW,5000.00
BOS,2024-01-12 11:54,4.44,250.00,9.00,10.00,null,FEW,25000.00
BOS,2024-01-12 12:54,5.00,270.00,9.00,10.00,null,FEW,6000.00
BOS,2024-01-12 13:54,5.56,290.00,11.00,10.00,null,FEW,6000.00
BOS,2024-01-12 14:54,6.67,310.00,9.00,10.00,null,FEW,22000.00
BOS,2024-01-12 15:54,7.22,320.00,6.00,10.00,null,FEW,6000.00
BOS,2024-01-12 16:54,7.22,0.00,0.00,10.00,null,FEW,6000.00
BOS,2024-01-12 17:54,8.33,0.00,0.00,10.00,null,FEW,6500.00
BOS,2024-01-12 18:54,6.67,110.00,9.00,10.00,null,FEW,22000.00
BOS,2024-01-12 19:54,7.22,100.00,5.00,10.00,null,FEW,22000.00
BOS,2024-01-12 20:54,5.00,120.00,13.00,10.00,null,FEW,22000.00
BOS,2024-01-12 21:54,4.44,130.00,8.00,10.00,null,FEW,25000.00
BOS,2024-01-12 22:54,3.89,120.00,9.00,10.00,null,FEW,25000.00
BOS,2024-01-12 23:54,3.89,130.00,11.00,10.00,null,FEW,22000.00
BOS,2024-01-13 00:54,4.44,130.00,10.00,10.00,null,OVC,22000.00
BOS,2024-01-13 01:54,4.44,120.00,10.00,10.00,null,OVC,14000.00
BOS,2024-01-13 02:54,5.00,140.00,10.00,10.00,null,FEW,2500.00
BOS,2024-01-13 03:54,5.00,120.00,14.00,10.00,null,FEW,2500.00
BOS,2024-01-13 04:54,5.56,130.00,12.00,10.00,null,FEW,1800.00
BOS,2024-01-13 05:54,5.56,110.00,18.00,10.00,null,SCT,1900.00
BOS,2024-01-13 06:54,6.11,110.00,22.00,10.00,null,FEW,3000.00
BOS,2024-01-13 07:54,5.56,100.00,24.00,9.00,-RA,BKN,3200.00
BOS,2024-01-13 08:54,5.56,100.00,27.00,5.00,-RA BR,FEW,1800.00
BOS,2024-01-13 09:54,6.11,100.00,25.00,4.00,RA BR,SCT,1400.00
BOS,2024-01-13 10:54,6.11,110.00,23.00,3.00,RA BR,BKN,800.00
BOS,2024-01-13 11:54,6.67,110.00,21.00,2.00,+RA BR,BKN,600.00
BOS,2024-01-13 12:54,7.78,130.00,15.00,1.75,+RA BR,BKN,800.00
BOS,2024-01-13 13:54,9.44,140.00,16.00,3.00,-RA BR,SCT,800.00
BOS,2024-01-13 14:54,10.00,140.00,21.00,5.00,-RA BR,FEW,800.00
BOS,2024-01-13 15:54,8.89,130.00,11.00,3.00,-DZ BR,BKN,800.00
BOS,2024-01-13 16:54,10.00,160.00,9.00,3.00,BR,BKN,500.00
BOS,2024-01-13 17:54,13.89,190.00,15.00,10.00,null,SCT,1400.00
BOS,2024-01-13 18:54,15.00,200.00,15.00,10.00,null,SCT,2400.00
BOS,2024-01-13 19:54,14.44,200.00,19.00,10.00,null,FEW,3000.00
BOS,2024-01-13 20:54,13.89,220.00,21.00,10.00,null,SCT,7000.00
BOS,2024-01-13 21:54,10.56,240.00,15.00,10.00,null,FEW,7500.00
BOS,2024-01-13 22:54,8.89,280.00,18.00,10.00,null,SCT,3700.00
BOS,2024-01-13 23:54,6.11,280.00,19.00,10.00,null,SCT,2500.00
BOS,2024-01-14 00:54,6.11,260.00,16.00,10.00,null,FEW,4800.00
BOS,2024-01-14 01:54,6.11,230.00,9.00,10.00,null,FEW,7000.00
BOS,2024-01-14 02:54,5.56,250.00,19.00,10.00,null,FEW,7000.00
BOS,2024-01-14 03:54,4.44,240.00,20.00,10.00,null,FEW,5000.00
BOS,2024-01-14 04:54,4.44,260.00,12.00,10.00,null,OVC,5500.00
BOS,2024-01-14 05:54,3.33,280.00,20.00,10.00,null,SCT,5500.00
BOS,2024-01-14 06:54,2.78,270.00,17.00,10.00,null,SCT,6000.00
BOS,2024-01-14 07:54,2.78,240.00,14.00,10.00,null,SCT,5000.00
BOS,2024-01-14 08:54,1.67,240.00,17.00,10.00,null,FEW,25000.00
BOS,2024-01-14 09:54,1.11,230.00,16.00,10.00,null,CLR,null
BOS,2024-01-14 10:54,0.56,220.00,15.00,10.00,null,CLR,null
BOS,2024-01-14 11:54,0.00,220.00,16.00,10.00,null,FEW,2500.00
BOS,2024-01-14 12:54,0.56,220.00,16.00,10.00,null,FEW,2500.00
BOS,2024-01-14 13:54,1.11,230.00,18.00,10.00,null,FEW,2500.00
BOS,2024-01-14 14:54,2.22,230.00,23.00,10.00,null,FEW,3000.00
BOS,2024-01-14 15:54,3.33,220.00,21.00,10.00,null,FEW,3000.00
BOS,2024-01-14 16:54,3.89,240.00,21.00,10.00,null,SCT,5000.00
BOS,2024-01-14 17:54,5.00,240.00,25.00,10.00,null,SCT,5000.00
BOS,2024-01-14 18:54,4.44,240.00,21.00,10.00,null,FEW,3000.00
BOS,2024-01-14 19:54,3.33,210.00,19.00,9.00,null,SCT,800.00
BOS,2024-01-14 20:54,2.78,250.00,26.00,9.00,-SN,FEW,1100.00
BOS,2024-01-14 21:54,3.33,290.00,28.00,8.00,-SN,FEW,1500.00
BOS,2024-01-14 22:54,0.00,280.00,20.00,4.00,-SN,SCT,1500.00
BOS,2024-01-14 23:54,-1.11,290.00,17.00,10.00,null,FEW,2500.00
BOS,2024-01-15 00:54,-1.67,270.00,21.00,10.00,null,FEW,6000.00
BOS,2024-01-15 01:54,-2.22,270.00,16.00,10.00,null,CLR,null
BOS,2024-01-15 02:54,-2.22,260.00,17.00,10.00,null,CLR,null
BOS,2024-01-15 03:54,-2.78,270.00,14.00,10.00,null,CLR,null
BOS,2024-01-15 04:54,-2.78,280.00,16.00,10.00,null,CLR,null
BOS,2024-01-15 05:54,-3.33,280.00,10.00,10.00,null,FEW,5000.00
BOS,2024-01-15 06:54,-3.33,270.00,15.00,10.00,null,FEW,5000.00
BOS,2024-01-15 07:54,-3.89,270.00,13.00,10.00,null,FEW,5000.00
BOS,2024-01-15 08:54,-4.44,260.00,10.00,10.00,null,CLR,null
BOS,2024-01-15 09:54,-4.44,260.00,13.00,10.00,null,FEW,5000.00
BOS,2024-01-15 10:54,-4.44,270.00,11.00,10.00,null,FEW,5000.00
BOS,2024-01-15 11:54,-5.00,280.00,9.00,10.00,null,FEW,3000.00
BOS,2024-01-15 12:54,-5.00,300.00,12.00,10.00,null,FEW,3000.00
BOS,2024-01-15 13:54,-3.89,250.00,6.00,10.00,null,FEW,3000.00
BOS,2024-01-15 14:54,-2.78,280.00,6.00,10.00,null,FEW,3000.00
BOS,2024-01-15 15:54,-1.67,230.00,8.00,10.00,null,FEW,3000.00
BOS,2024-01-15 16:54,-1.11,220.00,11.00,10.00,null,FEW,3000.00
BOS,2024-01-15 17:54,-0.56,230.00,10.00,10.00,null,FEW,3000.00
BOS,2024-01-15 18:54,-0.56,230.00,9.00,10.00,null,FEW,3000.00
BOS,2024-01-15 19:54,0.00,240.00,8.00,10.00,null,FEW,3000.00
BOS,2024-01-15 20:54,-0.56,240.00,9.00,10.00,null,FEW,3000.00
BOS,2024-01-15 21:54,-0.56,230.00,8.00,10.00,null,FEW,3000.00
BOS,2024-01-15 22:54,-0.56,230.00,8.00,10.00,null,FEW,9000.00
BOS,2024-01-15 23:54,-0.56,320.00,3.00,10.00,null,BKN,8000.00
BOS,2024-01-16 00:54,-0.56,0.00,0.00,10.00,null,FEW,7500.00
BOS,2024-01-16 01:54,-1.11,220.00,6.00,10.00,null,BKN,16000.00
BOS,2024-01-16 02:54,-1.11,210.00,7.00,10.00,null,BKN,9500.00
BOS,2024-01-16 03:54,-1.11,210.00,7.00,10.00,null,OVC,8000.00
BOS,2024-01-16 04:54,-1.11,220.00,6.00,10.00,null,OVC,5500.00
BOS,2024-01-16 05:54,-1.67,200.00,5.00,9.00,-SN,OVC,4300.00
BOS,2024-01-16 06:54,-2.78,210.00,3.00,6.00,-SN,OVC,3300.00
BOS,2024-01-16 07:54,-3.89,0.00,0.00,2.00,-SN BR,FEW,1200.00
BOS,2024-01-16 08:54,-3.89,340.00,4.00,1.50,-SN BR,FEW,700.00
BOS,2024-01-16 09:54,-3.89,20.00,5.00,2.00,-SN BR,FEW,700.00
BOS,2024-01-16 10:54,-3.89,360.00,5.00,2.00,-SN BR,FEW,700.00
BOS,2024-01-16 11:54,-3.33,10.00,6.00,2.00,-SN BR,BKN,800.00
BOS,2024-01-16 12:54,-3.33,10.00,7.00,1.50,BR,OVC,800.00
BOS,2024-01-16 13:54,-2.78,360.00,7.00,1.00,-SN BR,OVC,900.00
BOS,2024-01-16 14:54,-2.22,350.00,8.00,1.25,-SN BR,OVC,700.00
BOS,2024-01-16 15:54,-1.11,10.00,7.00,0.75,-SN BR,OVC,500.00
BOS,2024-01-16 16:54,0.56,60.00,11.00,2.50,-SN BR,OVC,400.00
BOS,2024-01-16 17:54,0.56,10.00,6.00,5.00,-PLRA BR,OVC,700.00
BOS,2024-01-16 18:54,1.11,30.00,12.00,3.00,-PLRA,OVC,500.00
BOS,2024-01-16 19:54,1.11,360.00,8.00,1.50,RASN BR,BKN,500.00
BOS,2024-01-16 20:46,0.00,350.00,11.00,2.00,-RASN BR,BKN,500.00
BOS,2024-01-16 21:54,0.00,320.00,14.00,6.00,-RASN BR,BKN,500.00
BOS,2024-01-16 22:54,-2.22,320.00,17.00,6.00,-FZRA BR,OVC,700.00
BOS,2024-01-16 23:54,-3.33,310.00,18.00,3.00,-FZRA BR,FEW,700.00
BOS,2024-01-17 00:54,-2.78,300.00,11.00,7.00,-SN BR,FEW,700.00
BOS,2024-01-17 01:54,-2.22,310.00,14.00,7.00,null,FEW,700.00
BOS,2024-01-17 02:54,-2.78,310.00,16.00,10.00,null,FEW,900.00
BOS,2024-01-17 03:54,-3.89,300.00,20.00,10.00,null,FEW,2500.00
BOS,2024-01-17 04:54,-4.44,290.00,14.00,10.00,null,FEW,2700.00
BOS,2024-01-17 05:54,-5.00,280.00,14.00,10.00,null,CLR,null
BOS,2024-01-17 06:54,-5.56,280.00,14.00,10.00,null,CLR,null
BOS,2024-01-17 07:54,-6.11,280.00,14.00,10.00,null,CLR,null
BOS,2024-01-17 08:54,-6.11,290.00,17.00,10.00,null,CLR,null
BOS,2024-01-17 09:54,-6.67,290.00,15.00,10.00,null,CLR,null
BOS,2024-01-17 10:54,-6.67,290.00,11.00,10.00,null,CLR,null
BOS,2024-01-17 11:54,-7.22,290.00,12.00,10.00,null,FEW,4000.00
BOS,2024-01-17 12:54,-6.67,290.00,13.00,10.00,null,FEW,4000.00
BOS,2024-01-17 13:54,-6.67,300.00,14.00,10.00,null,FEW,4000.00
BOS,2024-01-17 14:54,-5.56,290.00,15.00,10.00,null,FEW,4000.00
BOS,2024-01-17 15:54,-4.44,290.00,14.00,10.00,null,FEW,4000.00
BOS,2024-01-17 16:54,-3.89,280.00,13.00,10.00,null,FEW,4000.00
BOS,2024-01-17 17:54,-3.33,260.00,14.00,10.00,null,FEW,3900.00
BOS,2024-01-17 18:54,-2.78,270.00,13.00,10.00,null,FEW,3900.00
BOS,2024-01-17 19:54,-3.33,260.00,14.00,10.00,null,SCT,4300.00
BOS,2024-01-17 20:54,-3.33,250.00,9.00,10.00,null,SCT,4400.00
BOS,2024-01-17 21:54,-4.44,270.00,14.00,10.00,null,FEW,4300.00
BOS,2024-01-17 22:54,-4.44,260.00,9.00,10.00,null,FEW,4500.00
BOS,2024-01-17 23:54,-5.00,280.00,14.00,10.00,null,CLR,null
BOS,2024-01-18 00:54,-5.56,270.00,16.00,10.00,null,CLR,null
BOS,2024-01-18 01:54,-6.11,260.00,12.00,10.00,null,CLR,null
BOS,2024-01-18 02:54,-6.67,230.00,11.00,10.00,null,CLR,null
BOS,2024-01-18 03:54,-6.67,230.00,15.00,10.00,null,CLR,null
BOS,2024-01-18 04:54,-7.22,240.00,11.00,10.00,null,CLR,null
BOS,2024-01-18 05:54,-7.22,240.00,13.00,10.00,null,CLR,null
BOS,2024-01-18 06:54,-7.78,240.00,12.00,10.00,null,CLR,null
BOS,2024-01-18 07:54,-7.22,240.00,17.00,10.00,null,CLR,null
BOS,2024-01-18 08:54,-7.22,240.00,15.00,10.00,null,SCT,25000.00
BOS,2024-01-18 09:54,-7.22,240.00,14.00,10.00,null,SCT,25000.00
BOS,2024-01-18 10:54,-7.78,240.00,15.00,10.00,null,BKN,25000.00
BOS,2024-01-18 11:54,-6.67,260.00,16.00,10.00,null,BKN,25000.00
BOS,2024-01-18 12:54,-6.67,260.00,11.00,10.00,null,BKN,25000.00
BOS,2024-01-18 13:54,-6.67,240.00,11.00,10.00,null,BKN,25000.00
BOS,2024-01-18 14:54,-6.11,240.00,15.00,10.00,null,FEW,20000.00
BOS,2024-01-18 15:54,-5.00,250.00,12.00,10.00,null,BKN,18000.00
BOS,2024-01-18 16:54,-3.89,240.00,12.00,10.00,null,OVC,16000.00
BOS,2024-01-18 17:54,-2.78,240.00,9.00,10.00,null,BKN,14000.00
BOS,2024-01-18 18:54,-1.67,230.00,14.00,10.00,null,FEW,14000.00
BOS,2024-01-18 19:54,-2.22,250.00,14.00,10.00,null,FEW,6000.00
BOS,2024-01-18 20:54,-2.22,220.00,10.00,10.00,null,FEW,6000.00
BOS,2024-01-18 21:54,-2.22,230.00,12.00,10.00,null,OVC,11000.00
BOS,2024-01-18 22:54,-2.22,220.00,12.00,10.00,null,BKN,10000.00
BOS,2024-01-18 23:54,-2.22,230.00,10.00,10.00,null,BKN,10000.00
BOS,2024-01-19 00:54,-2.78,240.00,10.00,10.00,null,BKN,11000.00
BOS,2024-01-19 01:54,-2.78,240.00,12.00,10.00,null,OVC,10000.00
BOS,2024-01-19 02:54,-2.22,270.00,12.00,10.00,null,OVC,10000.00
BOS,2024-01-19 03:54,-2.22,280.00,7.00,10.00,null,OVC,10000.00
BOS,2024-01-19 04:54,-2.78,280.00,7.00,10.00,null,SCT,10000.00
BOS,2024-01-19 05:54,-2.78,280.00,8.00,10.00,null,FEW,11000.00
BOS,2024-01-19 06:54,-3.33,290.00,5.00,10.00,null,OVC,10000.00
BOS,2024-01-19 07:54,-3.33,290.00,6.00,10.00,null,FEW,10000.00
BOS,2024-01-19 08:54,-3.89,290.00,4.00,10.00,null,FEW,11000.00
BOS,2024-01-19 09:54,-3.89,300.00,6.00,10.00,null,FEW,11000.00
BOS,2024-01-19 10:54,-4.44,350.00,3.00,10.00,null,FEW,11000.00
BOS,2024-01-19 11:54,-3.89,340.00,6.00,10.00,null,FEW,10000.00
BOS,2024-01-19 12:54,-4.44,350.00,6.00,10.00,null,BKN,12000.00
BOS,2024-01-19 13:54,-3.89,360.00,6.00,10.00,null,FEW,5000.00
BOS,2024-01-19 14:54,-3.89,20.00,9.00,10.00,null,FEW,5000.00
BOS,2024-01-19 15:54,-2.78,10.00,8.00,10.00,null,FEW,5000.00
BOS,2024-01-19 16:54,-2.22,360.00,10.00,10.00,null,FEW,4500.00
BOS,2024-01-19 17:54,-1.67,20.00,10.00,10.00,null,FEW,5000.00
BOS,2024-01-19 18:54,-2.22,360.00,6.00,10.00,null,FEW,5000.00
BOS,2024-01-19 19:54,-2.22,340.00,10.00,10.00,null,FEW,5000.00
BOS,2024-01-19 20:54,-2.78,330.00,8.00,10.00,null,FEW,5000.00
BOS,2024-01-19 21:54,-3.33,310.00,11.00,10.00,null,SCT,5500.00
BOS,2024-01-19 22:54,-3.33,330.00,11.00,10.00,null,SCT,6000.00
BOS,2024-01-19 23:54,-3.89,320.00,15.00,10.00,null,OVC,10000.00
BOS,2024-01-20 00:54,-4.44,330.00,12.00,10.00,null,OVC,10000.00
BOS,2024-01-20 01:54,-5.56,310.00,13.00,10.00,null,BKN,10000.00
BOS,2024-01-20 02:54,-6.11,320.00,15.00,10.00,null,OVC,10000.00
BOS,2024-01-20 03:54,-6.67,320.00,12.00,10.00,null,FEW,8000.00
BOS,2024-01-20 04:54,-6.67,290.00,11.00,10.00,null,FEW,8000.00
BOS,2024-01-20 05:54,-7.78,320.00,10.00,10.00,null,FEW,8000.00
BOS,2024-01-20 06:54,-8.89,290.00,15.00,10.00,null,SCT,12000.00
BOS,2024-01-20 07:54,-8.89,290.00,15.00,10.00,null,FEW,12000.00
BOS,2024-01-20 08:54,-9.44,280.00,13.00,10.00,null,FEW,12000.00
BOS,2024-01-20 09:54,-9.44,280.00,11.00,10.00,null,FEW,12000.00
BOS,2024-01-20 10:54,-10.00,290.00,16.00,10.00,null,FEW,10000.00
BOS,2024-01-20 11:54,-10.00,320.00,16.00,10.00,null,FEW,4000.00
BOS,2024-01-20 12:54,-10.00,290.00,15.00,10.00,null,FEW,5000.00
BOS,2024-01-20 13:54,-9.44,290.00,13.00,10.00,null,FEW,4000.00
BOS,2024-01-20 14:54,-9.44,320.00,15.00,10.00,null,FEW,4000.00
BOS,2024-01-20 15:54,-8.89,290.00,12.00,10.00,null,FEW,4000.00
BOS,2024-01-20 16:54,-7.78,290.00,13.00,10.00,null,FEW,4000.00
BOS,2024-01-20 17:54,-7.78,290.00,12.00,10.00,null,FEW,5000.00
BOS,2024-01-20 18:54,-7.22,280.00,12.00,10.00,null,FEW,5000.00
BOS,2024-01-20 19:54,-6.67,290.00,10.00,10.00,null,FEW,9500.00
BOS,2024-01-20 20:54,-6.67,330.00,16.00,10.00,null,FEW,5000.00
BOS,2024-01-20 21:54,-8.33,310.00,14.00,1.25,-SN,FEW,1700.00
BOS,2024-01-20 22:54,-8.89,290.00,11.00,2.00,-SN BR,OVC,1900.00
BOS,2024-01-20 23:54,-8.89,320.00,15.00,4.00,-SN,OVC,4000.00
BOS,2024-01-21 00:54,-8.89,320.00,14.00,9.00,-SN,OVC,4800.00
BOS,2024-01-21 01:54,-9.44,310.00,13.00,10.00,null,BKN,6000.00
BOS,2024-01-21 02:54,-9.44,310.00,13.00,9.00,null,SCT,5000.00
BOS,2024-01-21 03:54,-10.00,310.00,14.00,10.00,null,SCT,4600.00
BOS,2024-01-21 04:54,-9.44,310.00,14.00,10.00,null,FEW,5500.00
BOS,2024-01-21 05:54,-9.44,320.00,14.00,10.00,null,OVC,3900.00
BOS,2024-01-21 06:54,-8.89,310.00,13.00,10.00,null,OVC,4100.00
BOS,2024-01-21 07:54,-8.89,310.00,16.00,10.00,null,OVC,4300.00
BOS,2024-01-21 08:54,-9.44,310.00,17.00,10.00,null,FEW,4500.00
BOS,2024-01-21 09:54,-9.44,310.00,14.00,10.00,null,SCT,11000.00
BOS,2024-01-21 10:54,-9.44,300.00,19.00,10.00,null,SCT,10000.00
BOS,2024-01-21 11:54,-9.44,310.00,15.00,10.00,null,FEW,3000.00
BOS,2024-01-21 12:54,-9.44,310.00,13.00,10.00,null,FEW,3000.00
BOS,2024-01-21 13:54,-8.89,310.00,14.00,10.00,null,FEW,3000.00
BOS,2024-01-21 14:54,-7.78,320.00,16.00,10.00,null,FEW,3000.00
BOS,2024-01-21 15:54,-7.22,300.00,14.00,10.00,null,FEW,3000.00
BOS,2024-01-21 16:54,-6.11,300.00,12.00,10.00,null,FEW,3000.00
BOS,2024-01-21 17:54,-5.00,290.00,15.00,10.00,null,FEW,3000.00
BOS,2024-01-21 18:54,-3.33,280.00,11.00,10.00,null,FEW,3000.00
BOS,2024-01-21 19:54,-2.78,290.00,13.00,10.00,null,FEW,3000.00
BOS,2024-01-21 20:54,-2.22,310.00,16.00,10.00,null,CLR,null
BOS,2024-01-21 21:54,-3.33,300.00,16.00,10.00,null,CLR,null
BOS,2024-01-21 22:54,-3.33,290.00,14.00,10.00,null,CLR,null
BOS,2024-01-21 23:54,-3.89,300.00,13.00,10.00,null,CLR,null
BOS,2024-01-22 00:54,-5.00,290.00,13.00,10.00,null,CLR,null
BOS,2024-01-22 01:54,-5.00,290.00,16.00,10.00,null,CLR,null
BOS,2024-01-22 02:54,-5.56,290.00,11.00,10.00,null,CLR,null
BOS,2024-01-22 03:54,-6.11,290.00,15.00,10.00,null,CLR,null
BOS,2024-01-22 04:54,-6.11,290.00,11.00,10.00,null,CLR,null
BOS,2024-01-22 05:54,-6.11,290.00,8.00,10.00,null,CLR,null
BOS,2024-01-22 06:54,-6.67,300.00,9.00,10.00,null,CLR,null
BOS,2024-01-22 07:54,-6.67,290.00,8.00,10.00,null,CLR,null
BOS,2024-01-22 08:54,-6.67,280.00,5.00,10.00,null,CLR,null
BOS,2024-01-22 09:54,-7.22,280.00,9.00,10.00,null,CLR,null
BOS,2024-01-22 10:54,-6.11,270.00,8.00,10.00,null,CLR,null
BOS,2024-01-22 11:54,-6.67,290.00,9.00,10.00,null,FEW,9000.00
BOS,2024-01-22 12:54,-5.56,270.00,7.00,10.00,null,FEW,9000.00
BOS,2024-01-22 13:54,-3.89,270.00,6.00,10.00,null,FEW,9000.00
BOS,2024-01-22 14:54,-2.22,260.00,7.00,10.00,null,FEW,9000.00
BOS,2024-01-22 15:54,-1.67,280.00,6.00,10.00,null,FEW,9000.00
BOS,2024-01-22 16:54,0.00,240.00,9.00,10.00,null,SCT,25000.00
BOS,2024-01-22 17:54,1.67,220.00,10.00,10.00,null,FEW,9000.00
BOS,2024-01-22 18:54,2.78,220.00,10.00,10.00,null,FEW,10000.00
BOS,2024-01-22 19:54,3.33,230.00,11.00,10.00,null,FEW,10000.00
BOS,2024-01-22 20:54,3.33,230.00,9.00,10.00,null,FEW,9000.00
BOS,2024-01-22 21:54,2.78,230.00,10.00,10.00,null,FEW,8500.00
BOS,2024-01-22 22:54,2.22,230.00,11.00,10.00,null,FEW,8000.00
BOS,2024-01-22 23:54,2.22,220.00,11.00,10.00,null,BKN,9000.00
BOS,2024-01-23 00:54,1.67,220.00,13.00,10.00,null,BKN,9500.00
BOS,2024-01-23 01:54,1.11,220.00,15.00,10.00,null,OVC,8500.00
BOS,2024-01-23 02:54,1.67,230.00,11.00,10.00,null,OVC,10000.00
BOS,2024-01-23 03:54,1.67,230.00,15.00,10.00,null,OVC,10000.00
BOS,2024-01-23 04:54,2.22,240.00,17.00,10.00,null,OVC,9500.00
BOS,2024-01-23 05:54,2.22,240.00,15.00,10.00,null,OVC,7500.00
BOS,2024-01-23 06:54,2.78,230.00,13.00,10.00,null,FEW,7500.00
BOS,2024-01-23 07:54,2.22,230.00,10.00,10.00,null,SCT,7000.00
BOS,2024-01-23 08:54,2.22,230.00,9.00,10.00,null,FEW,7500.00
BOS,2024-01-23 09:54,1.11,230.00,6.00,10.00,null,FEW,9500.00
BOS,2024-01-23 10:54,2.22,260.00,10.00,10.00,null,SCT,9000.00
BOS,2024-01-23 11:54,2.22,260.00,9.00,10.00,null,FEW,9000.00
BOS,2024-01-23 12:54,2.78,250.00,9.00,10.00,null,BKN,4200.00
BOS,2024-01-23 13:54,3.33,270.00,9.00,10.00,null,SCT,4100.00
BOS,2024-01-23 14:54,3.89,270.00,8.00,10.00,null,FEW,4000.00
BOS,2024-01-23 15:54,3.89,320.00,7.00,10.00,null,BKN,3700.00
BOS,2024-01-23 16:54,3.89,320.00,10.00,10.00,null,FEW,4000.00
BOS,2024-01-23 17:54,4.44,310.00,9.00,10.00,null,FEW,4000.00
BOS,2024-01-23 18:54,3.89,330.00,6.00,10.00,null,FEW,3300.00
BOS,2024-01-23 19:54,3.89,300.00,8.00,10.00,null,FEW,3300.00
BOS,2024-01-23 20:54,3.89,310.00,7.00,10.00,null,FEW,3200.00
BOS,2024-01-23 21:54,3.89,330.00,6.00,10.00,null,FEW,2900.00
BOS,2024-01-23 22:54,3.33,360.00,6.00,10.00,null,FEW,2700.00
BOS,2024-01-23 23:54,2.78,10.00,5.00,10.00,null,SCT,4500.00
BOS,2024-01-24 00:54,2.22,10.00,4.00,10.00,null,FEW,3500.00
BOS,2024-01-24 01:54,2.22,20.00,5.00,10.00,null,FEW,3600.00
BOS,2024-01-24 02:54,1.67,0.00,0.00,6.00,-SN BR,FEW,2600.00
BOS,2024-01-24 03:54,1.11,350.00,3.00,6.00,-SN BR,FEW,2900.00
BOS,2024-01-24 04:54,0.00,340.00,7.00,2.00,-SN BR,SCT,800.00
BOS,2024-01-24 05:54,0.00,350.00,5.00,1.50,-SN BR,FEW,500.00
BOS,2024-01-24 06:54,0.00,330.00,5.00,1.50,-SN BR,FEW,600.00
BOS,2024-01-24 07:54,0.00,320.00,3.00,2.00,-SN BR,BKN,500.00
BOS,2024-01-24 08:54,0.00,350.00,4.00,3.00,-SN BR,OVC,500.00
BOS,2024-01-24 09:54,0.56,0.00,0.00,5.00,-SNRA BR,SCT,600.00
BOS,2024-01-24 10:54,1.11,160.00,4.00,7.00,-RASN,FEW,600.00
BOS,2024-01-24 11:54,1.11,140.00,6.00,10.00,-RASN,FEW,600.00
BOS,2024-01-24 12:54,1.11,160.00,7.00,3.00,BR,OVC,500.00
BOS,2024-01-24 13:54,1.11,190.00,5.00,5.00,BR,SCT,500.00
BOS,2024-01-24 14:54,1.11,200.00,6.00,4.00,BR,FEW,500.00
BOS,2024-01-24 15:54,1.67,190.00,5.00,3.00,-DZ BR,FEW,1600.00
BOS,2024-01-24 16:54,1.67,180.00,5.00,4.00,-DZ BR,FEW,700.00
BOS,2024-01-24 17:54,1.67,150.00,4.00,4.00,BR,FEW,600.00
BOS,2024-01-24 18:54,2.22,null,4.00,7.00,null,FEW,600.00
BOS,2024-01-24 19:54,2.78,160.00,5.00,7.00,null,BKN,600.00
BOS,2024-01-24 20:54,2.78,180.00,4.00,2.00,BR,OVC,600.00
BOS,2024-01-24 21:54,2.78,150.00,4.00,2.50,BR,BKN,600.00
BOS,2024-01-24 22:54,2.78,140.00,6.00,5.00,-RA BR,OVC,600.00
BOS,2024-01-24 23:54,3.33,160.00,6.00,3.00,-RA BR,OVC,600.00
BOS,2024-01-25 00:54,3.33,170.00,5.00,5.00,-RA BR,OVC,700.00
BOS,2024-01-25 01:54,3.33,150.00,3.00,4.00,-RA BR,OVC,700.00
BOS,2024-01-25 02:54,3.33,140.00,5.00,4.00,-RA BR,OVC,600.00
BOS,2024-01-25 03:54,3.89,170.00,3.00,4.00,RA BR,BKN,700.00
BOS,2024-01-25 04:54,3.89,170.00,5.00,3.00,-RA BR,FEW,900.00
BOS,2024-01-25 05:54,3.89,180.00,4.00,4.00,-RA BR,BKN,700.00
BOS,2024-01-25 06:54,5.00,180.00,4.00,7.00,-RA,BKN,700.00
BOS,2024-01-25 07:54,7.78,230.00,10.00,10.00,-RA,FEW,700.00
BOS,2024-01-25 08:54,8.33,220.00,12.00,10.00,-RA,FEW,800.00
BOS,2024-01-25 09:54,8.89,220.00,12.00,10.00,-RA,FEW,800.00
BOS,2024-01-25 10:54,10.00,250.00,10.00,10.00,-RA,FEW,900.00
BOS,2024-01-25 11:54,10.00,250.00,6.00,10.00,null,SCT,1300.00
BOS,2024-01-25 12:54,10.56,250.00,8.00,10.00,-RA,FEW,1000.00
BOS,2024-01-25 13:54,10.56,320.00,5.00,10.00,null,FEW,1100.00
BOS,2024-01-25 14:54,8.33,350.00,6.00,10.00,null,FEW,1500.00
BOS,2024-01-25 15:54,8.89,320.00,4.00,10.00,null,FEW,2000.00
BOS,2024-01-25 16:54,9.44,300.00,6.00,10.00,null,FEW,2000.00
BOS,2024-01-25 17:54,10.00,10.00,7.00,10.00,null,FEW,3000.00
BOS,2024-01-25 18:54,6.11,90.00,9.00,10.00,null,FEW,3500.00
BOS,2024-01-25 19:54,6.11,60.00,9.00,10.00,null,FEW,2500.00
BOS,2024-01-25 20:54,6.11,90.00,5.00,10.00,null,FEW,2500.00
BOS,2024-01-25 21:54,4.44,100.00,5.00,10.00,null,FEW,4000.00
BOS,2024-01-25 22:54,4.44,80.00,5.00,10.00,null,FEW,14000.00
BOS,2024-01-25 23:54,4.44,50.00,5.00,10.00,null,BKN,3300.00
BOS,2024-01-26 00:54,5.00,50.00,8.00,10.00,null,OVC,3200.00
BOS,2024-01-26 01:54,4.44,50.00,8.00,10.00,null,OVC,3000.00
BOS,2024-01-26 02:54,4.44,50.00,8.00,10.00,null,OVC,2800.00
BOS,2024-01-26 03:54,4.44,50.00,7.00,10.00,null,FEW,1500.00
BOS,2024-01-26 04:54,4.44,70.00,7.00,10.00,null,SCT,1300.00
BOS,2024-01-26 05:54,4.44,80.00,12.00,10.00,null,FEW,1000.00
BOS,2024-01-26 06:54,3.89,80.00,13.00,10.00,null,FEW,1300.00
BOS,2024-01-26 07:54,3.89,90.00,11.00,10.00,null,SCT,2000.00
BOS,2024-01-26 08:54,3.89,90.00,11.00,10.00,-RA,SCT,1600.00
BOS,2024-01-26 09:54,3.33,80.00,12.00,8.00,-RA,BKN,1300.00
BOS,2024-01-26 10:54,3.33,80.00,11.00,4.00,+RA BR,BKN,1500.00
BOS,2024-01-26 11:54,3.33,80.00,10.00,5.00,RA BR,OVC,1000.00
BOS,2024-01-26 12:54,3.33,80.00,9.00,1.25,RA BR,BKN,600.00
BOS,2024-01-26 13:54,3.89,50.00,8.00,1.50,-RA BR,BKN,500.00
BOS,2024-01-26 14:54,3.89,60.00,8.00,1.25,RA BR,BKN,500.00
BOS,2024-01-26 15:54,3.89,60.00,13.00,6.00,BR,BKN,500.00
BOS,2024-01-26 16:54,4.44,60.00,9.00,5.00,-RA BR,OVC,600.00
BOS,2024-01-26 17:54,4.44,50.00,9.00,1.25,BR,OVC,400.00
BOS,2024-01-26 18:54,5.00,90.00,6.00,0.75,BR,BKN,500.00
BOS,2024-01-26 19:54,5.00,70.00,5.00,0.75,-DZ BR,OVC,500.00
BOS,2024-01-26 20:54,5.00,30.00,4.00,0.75,-DZ BR,BKN,400.00
BOS,2024-01-26 21:54,4.44,30.00,8.00,0.75,-DZ BR,SCT,300.00
BOS,2024-01-26 22:54,4.44,20.00,7.00,2.00,null,OVC,500.00
BOS,2024-01-26 23:54,4.44,20.00,8.00,10.00,null,OVC,600.00
BOS,2024-01-27 00:54,4.44,30.00,7.00,10.00,null,FEW,400.00
BOS,2024-01-27 01:54,4.44,350.00,5.00,10.00,null,OVC,600.00
BOS,2024-01-27 02:54,3.89,20.00,8.00,2.50,-DZ BR,OVC,400.00
BOS,2024-01-27 03:54,3.33,360.00,10.00,5.00,BR,OVC,500.00
BOS,2024-01-27 04:54,2.78,10.00,8.00,3.00,BR,OVC,400.00
BOS,2024-01-27 05:54,2.78,10.00,7.00,7.00,null,OVC,500.00
BOS,2024-01-27 06:54,2.78,10.00,8.00,10.00,null,OVC,600.00
BOS,2024-01-27 07:54,2.22,360.00,7.00,10.00,null,OVC,500.00
BOS,2024-01-27 08:54,2.22,350.00,8.00,7.00,-DZ,OVC,400.00
BOS,2024-01-27 09:54,2.22,350.00,7.00,3.00,-DZ BR,OVC,400.00
BOS,2024-01-27 10:54,1.67,360.00,7.00,2.50,-DZ BR,OVC,500.00
BOS,2024-01-27 11:54,1.67,10.00,9.00,10.00,null,OVC,600.00
BOS,2024-01-27 12:54,1.67,10.00,8.00,10.00,null,OVC,700.00
BOS,2024-01-27 13:54,1.67,10.00,9.00,10.00,null,OVC,800.00
BOS,2024-01-27 14:54,2.22,20.00,6.00,10.00,null,OVC,900.00
BOS,2024-01-27 15:54,2.78,10.00,6.00,10.00,null,OVC,1000.00
BOS,2024-01-27 16:54,2.78,330.00,5.00,10.00,null,OVC,1100.00
BOS,2024-01-27 17:54,3.33,350.00,3.00,10.00,null,OVC,1400.00
BOS,2024-01-27 18:54,3.33,360.00,6.00,10.00,null,OVC,1900.00
BOS,2024-01-27 19:54,3.89,0.00,0.00,10.00,null,FEW,2000.00
BOS,2024-01-27 20:54,2.78,130.00,6.00,10.00,null,OVC,3300.00
BOS,2024-01-27 21:54,2.78,120.00,6.00,10.00,null,OVC,3400.00
BOS,2024-01-27 22:54,2.78,130.00,6.00,10.00,null,OVC,2600.00
BOS,2024-01-27 23:54,2.78,130.00,6.00,10.00,null,OVC,2900.00
BOS,2024-01-28 00:54,2.78,160.00,5.00,10.00,-DZ,FEW,2500.00
BOS,2024-01-28 01:54,2.78,220.00,4.00,10.00,null,FEW,2700.00
BOS,2024-01-28 02:54,2.22,0.00,0.00,10.00,null,BKN,2600.00
BOS,2024-01-28 03:54,1.67,160.00,5.00,10.00,null,OVC,2800.00
BOS,2024-01-28 04:54,2.22,200.00,6.00,10.00,null,OVC,3200.00
BOS,2024-01-28 05:54,2.22,180.00,3.00,10.00,null,OVC,2900.00
BOS,2024-01-28 06:54,2.78,230.00,6.00,10.00,null,OVC,2900.00
BOS,2024-01-28 07:54,2.22,200.00,6.00,10.00,null,OVC,2500.00
BOS,2024-01-28 08:54,2.22,190.00,4.00,10.00,null,OVC,2500.00
BOS,2024-01-28 09:54,2.22,180.00,4.00,10.00,null,OVC,2500.00
BOS,2024-01-28 10:54,2.22,190.00,5.00,10.00,null,OVC,2600.00
BOS,2024-01-28 11:54,2.22,140.00,4.00,10.00,null,SCT,2600.00
BOS,2024-01-28 12:54,2.22,130.00,5.00,10.00,null,SCT,2500.00
BOS,2024-01-28 13:54,2.78,120.00,5.00,10.00,null,SCT,2500.00
BOS,2024-01-28 14:54,2.78,110.00,5.00,10.00,-RAPL,BKN,1600.00
BOS,2024-01-28 15:54,1.67,90.00,7.00,6.00,-RASN BR,BKN,1500.00
BOS,2024-01-28 16:54,1.67,90.00,9.00,5.00,-RASN BR,BKN,900.00
BOS,2024-01-28 17:54,2.78,90.00,13.00,10.00,-RA,BKN,900.00
BOS,2024-01-28 18:54,2.78,70.00,13.00,10.00,-RASN,BKN,900.00
BOS,2024-01-28 19:54,2.78,50.00,14.00,6.00,-RASN BR,OVC,600.00
BOS,2024-01-28 20:54,2.78,60.00,15.00,5.00,-RA BR,OVC,600.00
BOS,2024-01-28 21:54,2.78,60.00,18.00,2.00,-RA BR,OVC,600.00
BOS,2024-01-28 22:54,2.78,50.00,16.00,2.00,-RA BR,BKN,600.00
BOS,2024-01-28 23:54,1.67,30.00,17.00,2.50,-SNRA BR,OVC,600.00
BOS,2024-01-29 00:54,1.11,20.00,11.00,4.00,-SNRA BR,OVC,700.00
BOS,2024-01-29 01:54,1.11,20.00,13.00,3.00,-SN BR,OVC,600.00
BOS,2024-01-29 02:54,1.11,20.00,15.00,2.00,-SN BR,OVC,600.00
BOS,2024-01-29 03:54,1.11,20.00,15.00,2.00,-SN BR,OVC,800.00
BOS,2024-01-29 04:54,1.11,10.00,13.00,2.00,-SN BR,BKN,800.00
BOS,2024-01-29 05:54,1.11,10.00,14.00,4.00,-SN BR,OVC,1000.00
BOS,2024-01-29 06:54,0.56,10.00,13.00,5.00,-SN BR,BKN,1000.00
BOS,2024-01-29 07:54,0.56,360.00,9.00,5.00,-SN BR,BKN,900.00
BOS,2024-01-29 08:54,1.11,360.00,10.00,6.00,-SN BR,BKN,800.00
BOS,2024-01-29 09:54,0.56,360.00,12.00,3.00,-SN BR,BKN,900.00
BOS,2024-01-29 10:54,0.56,360.00,15.00,5.00,-SN BR,SCT,900.00
BOS,2024-01-29 11:32,0.56,360.00,16.00,8.00,-SN,FEW,900.00
BOS,2024-01-29 12:54,0.56,360.00,17.00,10.00,null,SCT,1600.00
BOS,2024-01-29 13:54,0.56,350.00,12.00,10.00,null,BKN,1900.00
BOS,2024-01-29 14:54,1.11,360.00,16.00,10.00,null,BKN,2400.00
BOS,2024-01-29 15:54,1.67,360.00,17.00,10.00,null,SCT,2500.00
BOS,2024-01-29 16:54,2.22,360.00,22.00,10.00,null,BKN,3000.00
BOS,2024-01-29 17:54,2.22,360.00,18.00,10.00,null,BKN,3000.00
BOS,2024-01-29 18:54,2.22,10.00,15.00,10.00,null,FEW,2300.00
BOS,2024-01-29 19:54,2.22,10.00,17.00,10.00,null,FEW,2700.00
BOS,2024-01-29 20:54,1.67,360.00,12.00,10.00,null,FEW,1900.00
BOS,2024-01-29 21:54,1.67,360.00,13.00,10.00,null,FEW,1400.00
BOS,2024-01-29 22:54,1.67,350.00,13.00,10.00,null,FEW,1500.00
BOS,2024-01-29 23:54,1.67,350.00,12.00,10.00,-SN,FEW,1400.00
BOS,2024-01-30 00:54,1.11,360.00,13.00,9.00,null,FEW,1700.00
BOS,2024-01-30 01:54,1.11,10.00,11.00,9.00,-SN,FEW,1700.00
BOS,2024-01-30 02:54,1.11,360.00,15.00,9.00,-SN,OVC,2800.00
BOS,2024-01-30 03:54,0.56,360.00,9.00,10.00,null,OVC,3400.00
BOS,2024-01-30 04:54,0.56,360.00,8.00,10.00,null,FEW,1200.00
BOS,2024-01-30 05:54,0.00,360.00,9.00,10.00,-SN,FEW,1400.00
BOS,2024-01-30 06:54,0.00,10.00,9.00,9.00,-SN,FEW,1400.00
BOS,2024-01-30 07:54,0.00,10.00,8.00,9.00,-SN,FEW,1400.00
BOS,2024-01-30 08:54,-0.56,10.00,10.00,8.00,-SN,FEW,1500.00
BOS,2024-01-30 09:54,-0.56,20.00,9.00,7.00,-SN,SCT,1600.00
BOS,2024-01-30 10:54,-1.11,20.00,11.00,9.00,-SN,FEW,1300.00
BOS,2024-01-30 11:54,-1.11,40.00,13.00,9.00,-SN,FEW,1700.00
BOS,2024-01-30 12:54,-1.11,50.00,11.00,7.00,-SN,FEW,1100.00
BOS,2024-01-30 13:54,-1.67,50.00,16.00,9.00,-SN,FEW,1300.00
BOS,2024-01-30 14:54,-1.67,50.00,17.00,8.00,-SN,BKN,1700.00
BOS,2024-01-30 15:54,-2.22,40.00,16.00,10.00,null,OVC,2200.00
BOS,2024-01-30 16:54,-2.22,40.00,12.00,10.00,null,SCT,2800.00
BOS,2024-01-30 17:54,-2.22,40.00,10.00,10.00,null,FEW,2800.00
BOS,2024-01-30 18:54,-2.22,40.00,10.00,10.00,null,SCT,2700.00
BOS,2024-01-30 19:54,-2.78,60.00,9.00,10.00,null,BKN,2500.00
BOS,2024-01-30 20:54,-2.78,50.00,9.00,10.00,null,OVC,2300.00
BOS,2024-01-30 21:54,-3.33,30.00,6.00,10.00,null,OVC,2200.00
BOS,2024-01-30 22:54,-3.33,50.00,7.00,10.00,null,OVC,2100.00
BOS,2024-01-30 23:54,-3.33,60.00,7.00,10.00,null,BKN,2100.00
BOS,2024-01-31 00:54,-3.33,20.00,4.00,10.00,null,BKN,2100.00
BOS,2024-01-31 01:54,-2.78,80.00,5.00,10.00,null,BKN,2200.00
BOS,2024-01-31 02:54,-2.78,70.00,5.00,10.00,null,SCT,2200.00
BOS,2024-01-31 03:54,-2.78,100.00,3.00,10.00,null,BKN,2300.00
BOS,2024-01-31 04:54,-2.22,100.00,5.00,10.00,null,SCT,2400.00
BOS,2024-01-31 05:54,-2.22,100.00,3.00,10.00,null,BKN,2600.00
BOS,2024-01-31 06:54,-2.22,160.00,4.00,10.00,null,BKN,2300.00
BOS,2024-01-31 07:54,-2.22,230.00,3.00,10.00,null,BKN,2300.00
BOS,2024-01-31 08:54,-2.22,170.00,3.00,10.00,null,OVC,2300.00
BOS,2024-01-31 09:54,-2.22,230.00,5.00,10.00,null,OVC,2400.00
BOS,2024-01-31 10:54,-2.22,220.00,6.00,10.00,null,OVC,2500.00
BOS,2024-01-31 11:54,-2.22,220.00,6.00,10.00,null,BKN,2600.00
BOS,2024-01-31 12:54,-2.22,230.00,6.00,10.00,null,FEW,2600.00
BOS,2024-01-31 13:54,-1.67,190.00,4.00,10.00,null,FEW,2300.00
BOS,2024-01-31 14:54,-1.11,230.00,4.00,10.00,null,BKN,2200.00
BOS,2024-01-31 15:54,-0.56,180.00,4.00,10.00,null,FEW,2200.00
BOS,2024-01-31 16:54,-0.56,200.00,5.00,10.00,null,FEW,2200.00
BOS,2024-01-31 17:54,0.00,220.00,7.00,10.00,null,FEW,2200.00
BOS,2024-01-31 18:54,0.56,220.00,7.00,10.00,null,FEW,2200.00
BOS,2024-01-31 19:54,0.56,220.00,8.00,10.00,null,FEW,2200.00
BOS,2024-01-31 20:54,1.11,240.00,8.00,10.00,null,FEW,2500.00
BOS,2024-01-31 21:54,1.11,230.00,8.00,10.00,null,FEW,2200.00
BOS,2024-01-31 22:54,1.11,220.00,8.00,10.00,null,OVC,3500.00
BOS,2024-01-31 23:54,1.11,230.00,8.00,10.00,null,FEW,2100.00
