station,valid,tmpc,drct,sknt,vsby,wxcodes
EWR,2024-06-01 00:51,23.33,290.00,8.00,10.00,null
EWR,2024-06-01 01:51,22.22,310.00,10.00,10.00,null
EWR,2024-06-01 02:51,21.11,320.00,7.00,10.00,null
EWR,2024-06-01 03:51,20.56,310.00,10.00,10.00,null
EWR,2024-06-01 04:51,18.89,290.00,7.00,10.00,null
EWR,2024-06-01 05:51,17.78,300.00,4.00,10.00,null
EWR,2024-06-01 06:51,17.22,270.00,4.00,10.00,null
EWR,2024-06-01 07:51,16.67,280.00,8.00,10.00,null
EWR,2024-06-01 08:51,16.11,300.00,4.00,10.00,null
EWR,2024-06-01 09:51,15.00,220.00,4.00,10.00,null
EWR,2024-06-01 10:51,18.89,300.00,3.00,10.00,null
EWR,2024-06-01 11:51,20.56,340.00,8.00,10.00,null
EWR,2024-06-01 12:51,22.78,330.00,9.00,10.00,null
EWR,2024-06-01 13:51,24.44,360.00,12.00,10.00,null
EWR,2024-06-01 14:51,26.11,360.00,6.00,10.00,null
EWR,2024-06-01 15:51,26.67,null,4.00,10.00,null
EWR,2024-06-01 16:51,28.89,10.00,4.00,10.00,null
EWR,2024-06-01 17:51,29.44,310.00,8.00,10.00,null
EWR,2024-06-01 18:51,30.56,260.00,11.00,10.00,null
EWR,2024-06-01 19:51,30.00,250.00,12.00,10.00,null
EWR,2024-06-01 20:51,30.00,240.00,12.00,10.00,null
EWR,2024-06-01 21:51,29.44,280.00,10.00,10.00,null
EWR,2024-06-01 22:51,28.33,260.00,13.00,10.00,null
EWR,2024-06-01 23:51,27.22,250.00,10.00,10.00,null
EWR,2024-06-02 00:51,26.11,240.00,12.00,10.00,null
EWR,2024-06-02 01:51,25.00,250.00,8.00,10.00,null
EWR,2024-06-02 02:51,23.89,250.00,8.00,10.00,null
EWR,2024-06-02 03:51,22.78,260.00,7.00,10.00,null
EWR,2024-06-02 04:51,21.11,220.00,8.00,10.00,null
EWR,2024-06-02 05:51,21.11,230.00,10.00,10.00,null
EWR,2024-06-02 06:51,20.00,230.00,6.00,10.00,null
EWR,2024-06-02 07:51,17.22,220.00,5.00,10.00,null
EWR,2024-06-02 08:51,18.89,230.00,6.00,10.00,null
EWR,2024-06-02 09:51,18.33,220.00,5.00,10.00,null
EWR,2024-06-02 10:51,18.89,210.00,5.00,10.00,null
EWR,2024-06-02 11:51,20.00,230.00,6.00,10.00,null
EWR,2024-06-02 12:51,22.22,230.00,5.00,10.00,null
EWR,2024-06-02 13:51,25.00,null,5.00,10.00,null
EWR,2024-06-02 14:51,26.67,240.00,6.00,10.00,null
EWR,2024-06-02 15:51,27.78,260.00,9.00,10.00,null
EWR,2024-06-02 16:51,28.89,230.00,10.00,10.00,null
EWR,2024-06-02 17:51,29.44,null,5.00,10.00,null
EWR,2024-06-02 18:51,27.78,210.00,8.00,10.00,null
EWR,2024-06-02 19:51,27.78,260.00,10.00,10.00,null
EWR,2024-06-02 20:51,27.22,240.00,11.00,10.00,null
EWR,2024-06-02 21:51,27.78,240.00,8.00,10.00,null
EWR,2024-06-02 22:51,27.22,240.00,10.00,10.00,null
EWR,2024-06-02 23:51,26.11,160.00,5.00,10.00,null
EWR,2024-06-03 00:51,25.00,170.00,4.00,10.00,null
EWR,2024-06-03 01:51,25.00,180.00,3.00,10.00,null
EWR,2024-06-03 02:51,24.44,200.00,3.00,10.00,-RA
EWR,2024-06-03 03:51,24.44,220.00,4.00,10.00,null
EWR,2024-06-03 04:51,25.00,230.00,5.00,10.00,null
EWR,2024-06-03 05:51,23.89,210.00,7.00,10.00,null
EWR,2024-06-03 06:51,22.78,240.00,4.00,10.00,null
EWR,2024-06-03 07:51,23.33,250.00,4.00,10.00,null
EWR,2024-06-03 08:51,22.78,210.00,4.00,10.00,null
EWR,2024-06-03 09:51,22.78,230.00,4.00,10.00,null
EWR,2024-06-03 10:51,22.78,250.00,7.00,10.00,null
EWR,2024-06-03 11:51,24.44,300.00,5.00,10.00,null
EWR,2024-06-03 12:51,25.00,320.00,4.00,10.00,null
EWR,2024-06-03 13:51,26.67,40.00,6.00,10.00,null
EWR,2024-06-03 14:51,28.89,null,3.00,10.00,null
EWR,2024-06-03 15:51,30.00,330.00,6.00,10.00,null
EWR,2024-06-03 16:51,30.00,80.00,8.00,10.00,null
EWR,2024-06-03 17:51,30.56,60.00,10.00,10.00,null
EWR,2024-06-03 18:51,31.11,null,5.00,10.00,null
EWR,2024-06-03 19:51,31.11,40.00,3.00,10.00,null
EWR,2024-06-03 20:51,30.00,60.00,4.00,10.00,null
EWR,2024-06-03 21:51,29.44,170.00,7.00,10.00,null
EWR,2024-06-03 22:51,29.44,170.00,7.00,10.00,null
EWR,2024-06-03 23:51,27.78,170.00,6.00,10.00,null
EWR,2024-06-04 00:51,26.67,180.00,4.00,10.00,null
EWR,2024-06-04 01:51,26.67,170.00,3.00,10.00,null
EWR,2024-06-04 02:51,25.56,140.00,3.00,10.00,null
EWR,2024-06-04 03:51,25.00,0.00,0.00,10.00,null
EWR,2024-06-04 04:51,25.00,0.00,0.00,10.00,null
EWR,2024-06-04 05:51,23.89,0.00,0.00,10.00,null
EWR,2024-06-04 06:51,22.78,0.00,0.00,10.00,null
EWR,2024-06-04 07:51,22.78,0.00,0.00,10.00,null
EWR,2024-06-04 08:51,22.78,0.00,0.00,10.00,null
EWR,2024-06-04 09:51,20.00,20.00,5.00,10.00,null
EWR,2024-06-04 10:51,23.89,80.00,4.00,9.00,null
EWR,2024-06-04 11:51,23.33,90.00,7.00,7.00,null
EWR,2024-06-04 12:51,25.00,null,4.00,7.00,null
EWR,2024-06-04 13:51,25.00,null,5.00,10.00,null
EWR,2024-06-04 14:51,22.78,160.00,7.00,10.00,null
EWR,2024-06-04 15:51,24.44,140.00,6.00,10.00,null
EWR,2024-06-04 16:51,25.00,130.00,7.00,10.00,null
EWR,2024-06-04 17:51,26.11,130.00,7.00,10.00,null
EWR,2024-06-04 18:51,26.67,null,5.00,10.00,null
EWR,2024-06-04 19:51,27.22,160.00,8.00,10.00,null
EWR,2024-06-04 20:51,26.11,130.00,9.00,10.00,null
EWR,2024-06-04 21:51,23.89,130.00,10.00,10.00,null
EWR,2024-06-04 22:51,22.78,130.00,8.00,10.00,null
EWR,2024-06-04 23:51,21.11,110.00,9.00,10.00,null
EWR,2024-06-05 00:51,20.56,120.00,7.00,10.00,null
EWR,2024-06-05 01:51,20.56,150.00,3.00,10.00,null
EWR,2024-06-05 02:51,20.00,160.00,7.00,10.00,null
EWR,2024-06-05 03:51,20.00,130.00,3.00,10.00,null
EWR,2024-06-05 04:51,19.44,160.00,3.00,9.00,null
EWR,2024-06-05 05:51,18.89,180.00,5.00,8.00,null
EWR,2024-06-05 06:51,18.89,170.00,4.00,8.00,null
EWR,2024-06-05 07:51,19.44,170.00,3.00,8.00,null
EWR,2024-06-05 08:51,19.44,170.00,4.00,9.00,null
EWR,2024-06-05 09:51,18.89,180.00,4.00,9.00,null
EWR,2024-06-05 10:51,18.89,0.00,0.00,3.00,BR
EWR,2024-06-05 11:51,20.00,150.00,4.00,3.00,BR
EWR,2024-06-05 12:51,21.11,180.00,3.00,3.00,HZ
EWR,2024-06-05 13:51,22.22,140.00,4.00,10.00,null
EWR,2024-06-05 14:51,24.44,null,4.00,10.00,null
EWR,2024-06-05 15:51,26.11,160.00,7.00,10.00,null
EWR,2024-06-05 16:51,26.67,150.00,8.00,10.00,null
EWR,2024-06-05 17:51,26.67,130.00,9.00,10.00,null
EWR,2024-06-05 18:51,26.11,140.00,8.00,10.00,null
EWR,2024-06-05 19:51,26.11,130.00,11.00,10.00,null
EWR,2024-06-05 20:51,25.56,140.00,12.00,10.00,null
EWR,2024-06-05 21:51,24.44,140.00,8.00,10.00,-RA
EWR,2024-06-05 22:51,25.56,160.00,9.00,10.00,null
EWR,2024-06-05 23:51,25.00,140.00,6.00,10.00,null
EWR,2024-06-06 00:51,23.89,140.00,4.00,10.00,null
EWR,2024-06-06 01:51,22.78,140.00,5.00,10.00,null
EWR,2024-06-06 02:51,22.78,130.00,4.00,10.00,null
EWR,2024-06-06 03:51,23.33,150.00,6.00,10.00,null
EWR,2024-06-06 04:51,22.22,130.00,5.00,3.00,+RA BR
EWR,2024-06-06 05:51,21.67,110.00,5.00,5.00,-RA BR
EWR,2024-06-06 06:51,21.67,140.00,6.00,4.00,-RA BR
EWR,2024-06-06 07:51,21.11,130.00,7.00,5.00,-RA BR
EWR,2024-06-06 08:51,21.67,220.00,4.00,4.00,-RA BR
EWR,2024-06-06 09:51,22.22,290.00,5.00,10.00,null
EWR,2024-06-06 10:51,22.78,290.00,3.00,10.00,null
EWR,2024-06-06 11:51,23.33,240.00,5.00,10.00,null
EWR,2024-06-06 12:51,25.00,260.00,8.00,10.00,null
EWR,2024-06-06 13:51,26.67,280.00,12.00,10.00,null
EWR,2024-06-06 14:51,27.22,270.00,9.00,10.00,null
EWR,2024-06-06 15:51,27.78,250.00,10.00,10.00,null
EWR,2024-06-06 16:51,27.78,250.00,12.00,10.00,null
EWR,2024-06-06 17:51,29.44,230.00,10.00,10.00,null
EWR,2024-06-06 18:51,25.56,230.00,5.00,1.50,-RA
EWR,2024-06-06 19:51,28.89,230.00,12.00,10.00,-RA
EWR,2024-06-06 20:51,28.33,240.00,6.00,10.00,null
EWR,2024-06-06 21:51,30.00,290.00,6.00,10.00,null
EWR,2024-06-06 22:51,30.00,230.00,12.00,10.00,null
EWR,2024-06-06 23:51,28.33,220.00,9.00,10.00,null
EWR,2024-06-07 00:51,27.78,240.00,10.00,10.00,TS
EWR,2024-06-07 01:51,23.33,20.00,7.00,10.00,null
EWR,2024-06-07 02:51,23.33,340.00,6.00,10.00,null
EWR,2024-06-07 03:51,23.33,0.00,0.00,10.00,null
EWR,2024-06-07 04:51,22.78,280.00,5.00,10.00,null
EWR,2024-06-07 05:51,21.11,230.00,3.00,10.00,null
EWR,2024-06-07 06:51,21.67,320.00,3.00,10.00,null
EWR,2024-06-07 07:51,21.67,0.00,0.00,10.00,null
EWR,2024-06-07 08:51,21.11,20.00,3.00,10.00,null
EWR,2024-06-07 09:51,22.22,0.00,0.00,10.00,null
EWR,2024-06-07 10:51,22.78,null,4.00,10.00,null
EWR,2024-06-07 11:51,23.33,300.00,4.00,10.00,null
EWR,2024-06-07 12:51,23.89,290.00,5.00,10.00,null
EWR,2024-06-07 13:51,26.11,70.00,5.00,10.00,null
EWR,2024-06-07 14:51,28.33,null,4.00,10.00,null
EWR,2024-06-07 15:51,29.44,250.00,4.00,10.00,null
EWR,2024-06-07 16:51,30.56,250.00,8.00,10.00,null
EWR,2024-06-07 17:51,29.44,260.00,18.00,10.00,null
EWR,2024-06-07 18:51,30.00,240.00,14.00,10.00,null
EWR,2024-06-07 19:51,28.89,280.00,17.00,10.00,null
EWR,2024-06-07 20:51,30.00,290.00,16.00,10.00,null
EWR,2024-06-07 21:51,28.89,250.00,17.00,10.00,null
EWR,2024-06-07 22:51,28.89,270.00,19.00,10.00,null
EWR,2024-06-07 23:51,25.00,310.00,19.00,10.00,null
EWR,2024-06-08 00:51,23.33,300.00,8.00,10.00,null
EWR,2024-06-08 01:51,21.67,320.00,10.00,10.00,null
EWR,2024-06-08 02:51,21.11,290.00,7.00,10.00,null
EWR,2024-06-08 03:51,20.00,310.00,7.00,10.00,null
EWR,2024-06-08 04:51,20.00,280.00,7.00,10.00,null
EWR,2024-06-08 05:51,19.44,250.00,6.00,10.00,null
EWR,2024-06-08 06:51,18.89,250.00,8.00,10.00,null
EWR,2024-06-08 07:51,18.33,250.00,7.00,10.00,null
EWR,2024-06-08 08:51,17.22,290.00,6.00,10.00,null
EWR,2024-06-08 09:51,17.78,290.00,10.00,10.00,null
EWR,2024-06-08 10:51,20.00,290.00,11.00,10.00,null
EWR,2024-06-08 11:51,21.11,290.00,14.00,10.00,null
EWR,2024-06-08 12:51,22.78,290.00,15.00,10.00,null
EWR,2024-06-08 13:51,23.89,290.00,15.00,10.00,null
EWR,2024-06-08 14:51,25.00,280.00,15.00,10.00,null
EWR,2024-06-08 15:51,25.56,260.00,18.00,10.00,null
EWR,2024-06-08 16:51,26.11,300.00,14.00,10.00,null
EWR,2024-06-08 17:51,26.11,270.00,14.00,10.00,null
EWR,2024-06-08 18:51,27.78,270.00,19.00,10.00,null
EWR,2024-06-08 19:51,27.22,260.00,15.00,10.00,null
EWR,2024-06-08 20:51,27.22,280.00,14.00,10.00,null
EWR,2024-06-08 21:51,27.78,310.00,15.00,10.00,null
EWR,2024-06-08 22:51,27.22,270.00,10.00,10.00,null
EWR,2024-06-08 23:51,26.11,260.00,9.00,10.00,null
EWR,2024-06-09 00:51,25.00,250.00,7.00,10.00,null
EWR,2024-06-09 01:51,24.44,230.00,7.00,10.00,null
EWR,2024-06-09 02:51,23.33,230.00,7.00,10.00,null
EWR,2024-06-09 03:51,22.78,240.00,8.00,10.00,null
EWR,2024-06-09 04:51,21.11,230.00,6.00,10.00,null
EWR,2024-06-09 05:51,20.00,200.00,6.00,10.00,null
EWR,2024-06-09 06:51,20.00,210.00,3.00,10.00,null
EWR,2024-06-09 07:51,20.00,320.00,4.00,10.00,null
EWR,2024-06-09 08:51,19.44,0.00,0.00,10.00,null
EWR,2024-06-09 09:51,19.44,0.00,0.00,10.00,null
EWR,2024-06-09 10:51,21.11,190.00,9.00,10.00,null
EWR,2024-06-09 11:51,21.67,210.00,8.00,10.00,null
EWR,2024-06-09 12:51,21.11,230.00,15.00,10.00,-RA
EWR,2024-06-09 13:51,21.11,230.00,12.00,10.00,-RA
EWR,2024-06-09 14:51,20.56,220.00,11.00,10.00,null
EWR,2024-06-09 15:51,22.78,250.00,12.00,10.00,null
EWR,2024-06-09 16:51,26.11,320.00,14.00,10.00,null
EWR,2024-06-09 17:51,26.11,300.00,18.00,10.00,null
EWR,2024-06-09 18:51,25.56,300.00,16.00,10.00,null
EWR,2024-06-09 19:51,25.00,320.00,12.00,10.00,null
EWR,2024-06-09 20:51,25.00,310.00,13.00,10.00,null
EWR,2024-06-09 21:51,26.11,310.00,15.00,10.00,null
EWR,2024-06-09 22:51,25.56,300.00,13.00,10.00,null
EWR,2024-06-09 23:51,25.00,280.00,10.00,10.00,null
EWR,2024-06-10 00:51,23.89,270.00,7.00,10.00,null
EWR,2024-06-10 01:51,22.78,260.00,5.00,10.00,null
EWR,2024-06-10 02:51,22.22,250.00,6.00,10.00,null
EWR,2024-06-10 03:51,20.56,220.00,5.00,10.00,null
EWR,2024-06-10 04:51,18.89,10.00,7.00,10.00,null
EWR,2024-06-10 05:51,19.44,290.00,7.00,10.00,null
EWR,2024-06-10 06:51,19.44,260.00,8.00,10.00,null
EWR,2024-06-10 07:51,18.33,280.00,8.00,10.00,null
EWR,2024-06-10 08:51,17.78,260.00,10.00,10.00,null
EWR,2024-06-10 09:51,17.22,280.00,8.00,10.00,null
EWR,2024-06-10 10:51,18.33,300.00,10.00,10.00,null
EWR,2024-06-10 11:51,18.89,280.00,13.00,10.00,null
EWR,2024-06-10 12:51,20.56,320.00,11.00,10.00,null
EWR,2024-06-10 13:51,21.67,300.00,10.00,10.00,null
EWR,2024-06-10 14:51,22.22,280.00,10.00,10.00,null
EWR,2024-06-10 15:51,22.22,290.00,9.00,10.00,null
EWR,2024-06-10 16:51,22.78,290.00,9.00,10.00,null
EWR,2024-06-10 17:51,23.89,300.00,8.00,10.00,null
EWR,2024-06-10 18:51,24.44,280.00,9.00,10.00,null
EWR,2024-06-10 19:51,25.00,290.00,10.00,10.00,null
EWR,2024-06-10 20:51,23.89,270.00,11.00,10.00,null
EWR,2024-06-10 21:51,25.00,250.00,11.00,10.00,null
EWR,2024-06-10 22:51,24.44,280.00,11.00,10.00,null
EWR,2024-06-10 23:51,23.33,330.00,9.00,10.00,null
EWR,2024-06-11 00:51,22.78,330.00,9.00,10.00,null
EWR,2024-06-11 01:51,21.67,350.00,13.00,10.00,null
EWR,2024-06-11 02:51,20.00,360.00,11.00,10.00,null
EWR,2024-06-11 03:51,19.44,360.00,8.00,10.00,null
EWR,2024-06-11 04:51,18.33,10.00,8.00,10.00,null
EWR,2024-06-11 05:51,17.22,10.00,6.00,10.00,null
EWR,2024-06-11 06:51,18.33,340.00,8.00,10.00,null
EWR,2024-06-11 07:51,17.22,330.00,9.00,10.00,null
EWR,2024-06-11 08:51,16.67,350.00,10.00,10.00,null
EWR,2024-06-11 09:51,16.11,20.00,7.00,10.00,null
EWR,2024-06-11 10:51,17.22,10.00,7.00,10.00,null
EWR,2024-06-11 11:51,18.89,10.00,8.00,10.00,null
EWR,2024-06-11 12:51,20.56,20.00,5.00,10.00,null
EWR,2024-06-11 13:51,21.67,null,5.00,10.00,null
EWR,2024-06-11 14:51,22.78,10.00,4.00,10.00,null
EWR,2024-06-11 15:51,23.33,0.00,0.00,10.00,null
EWR,2024-06-11 16:51,23.33,260.00,5.00,10.00,null
EWR,2024-06-11 17:51,23.33,null,4.00,10.00,null
EWR,2024-06-11 18:51,23.89,350.00,7.00,10.00,null
EWR,2024-06-11 19:51,23.33,290.00,7.00,10.00,null
EWR,2024-06-11 20:51,23.33,null,3.00,10.00,null
EWR,2024-06-11 21:51,23.33,270.00,7.00,10.00,null
EWR,2024-06-11 22:51,22.78,260.00,8.00,10.00,null
EWR,2024-06-11 23:51,22.22,null,5.00,10.00,null
EWR,2024-06-12 00:51,22.22,null,6.00,10.00,null
EWR,2024-06-12 01:51,21.11,20.00,8.00,10.00,null
EWR,2024-06-12 02:51,20.56,20.00,10.00,10.00,null
EWR,2024-06-12 03:51,20.56,10.00,10.00,10.00,null
EWR,2024-06-12 04:51,20.00,20.00,9.00,10.00,null
EWR,2024-06-12 05:51,19.44,30.00,7.00,10.00,null
EWR,2024-06-12 06:51,18.33,10.00,7.00,10.00,null
EWR,2024-06-12 07:51,18.33,20.00,7.00,10.00,null
EWR,2024-06-12 08:51,17.78,360.00,5.00,10.00,null
EWR,2024-06-12 09:51,17.78,360.00,6.00,10.00,null
EWR,2024-06-12 10:51,19.44,20.00,6.00,10.00,null
EWR,2024-06-12 11:51,21.11,330.00,5.00,10.00,null
EWR,2024-06-12 12:51,21.11,80.00,4.00,10.00,null
EWR,2024-06-12 13:51,23.33,260.00,5.00,10.00,null
EWR,2024-06-12 14:51,24.44,270.00,8.00,10.00,null
EWR,2024-06-12 15:51,23.89,280.00,9.00,10.00,null
EWR,2024-06-12 16:51,24.44,280.00,11.00,10.00,null
EWR,2024-06-12 17:51,25.56,270.00,9.00,10.00,null
EWR,2024-06-12 18:51,25.56,null,null,10.00,null
EWR,2024-06-12 19:51,25.56,310.00,8.00,10.00,null
EWR,2024-06-12 20:51,26.67,310.00,8.00,10.00,null
EWR,2024-06-12 21:51,25.56,270.00,8.00,10.00,null
EWR,2024-06-12 22:51,25.56,290.00,8.00,10.00,null
EWR,2024-06-12 23:51,23.33,null,6.00,10.00,null
EWR,2024-06-13 00:51,22.22,160.00,7.00,10.00,null
EWR,2024-06-13 01:51,21.67,170.00,6.00,10.00,null
EWR,2024-06-13 02:51,20.56,190.00,4.00,10.00,null
EWR,2024-06-13 03:51,19.44,200.00,3.00,10.00,null
EWR,2024-06-13 04:51,20.00,160.00,3.00,10.00,null
EWR,2024-06-13 05:51,19.44,0.00,0.00,10.00,null
EWR,2024-06-13 06:51,18.33,210.00,5.00,10.00,null
EWR,2024-06-13 07:51,17.22,270.00,3.00,10.00,null
EWR,2024-06-13 08:51,16.67,210.00,3.00,10.00,null
EWR,2024-06-13 09:51,17.22,210.00,3.00,10.00,null
EWR,2024-06-13 10:51,18.89,230.00,5.00,10.00,null
EWR,2024-06-13 11:51,21.67,240.00,4.00,10.00,null
EWR,2024-06-13 12:51,25.00,250.00,5.00,10.00,null
EWR,2024-06-13 13:51,27.22,280.00,6.00,10.00,null
EWR,2024-06-13 14:51,28.89,220.00,7.00,10.00,null
EWR,2024-06-13 15:51,29.44,200.00,7.00,10.00,null
EWR,2024-06-13 16:51,30.00,180.00,8.00,10.00,null
EWR,2024-06-13 17:51,29.44,190.00,13.00,10.00,null
EWR,2024-06-13 18:51,29.44,170.00,8.00,10.00,null
EWR,2024-06-13 19:51,30.56,140.00,8.00,10.00,null
EWR,2024-06-13 20:51,30.00,150.00,12.00,10.00,null
EWR,2024-06-13 21:51,29.44,150.00,11.00,10.00,null
EWR,2024-06-13 22:51,28.33,150.00,10.00,10.00,null
EWR,2024-06-13 23:51,27.78,180.00,11.00,10.00,null
EWR,2024-06-14 00:51,26.67,200.00,11.00,10.00,null
EWR,2024-06-14 01:51,25.56,190.00,12.00,10.00,null
EWR,2024-06-14 02:51,23.89,190.00,12.00,10.00,null
EWR,2024-06-14 03:51,23.33,200.00,11.00,10.00,null
EWR,2024-06-14 04:51,22.78,220.00,7.00,10.00,null
EWR,2024-06-14 05:51,21.67,210.00,6.00,10.00,null
EWR,2024-06-14 06:51,21.11,200.00,6.00,10.00,null
EWR,2024-06-14 07:51,21.67,200.00,7.00,10.00,null
EWR,2024-06-14 08:51,21.11,220.00,6.00,10.00,null
EWR,2024-06-14 09:51,21.11,200.00,7.00,10.00,null
EWR,2024-06-14 10:51,22.22,200.00,9.00,10.00,null
EWR,2024-06-14 11:51,24.44,220.00,10.00,10.00,null
EWR,2024-06-14 12:51,26.11,240.00,10.00,10.00,null
EWR,2024-06-14 13:51,27.22,230.00,10.00,10.00,null
EWR,2024-06-14 14:51,28.33,220.00,7.00,10.00,null
EWR,2024-06-14 15:51,30.56,0.00,0.00,10.00,null
EWR,2024-06-14 16:51,30.56,null,3.00,10.00,null
EWR,2024-06-14 17:51,32.78,310.00,9.00,10.00,null
EWR,2024-06-14 18:51,31.11,310.00,5.00,10.00,null
EWR,2024-06-14 19:51,30.56,100.00,6.00,10.00,null
EWR,2024-06-14 20:51,29.44,120.00,6.00,10.00,null
EWR,2024-06-14 21:51,28.89,150.00,3.00,10.00,null
EWR,2024-06-14 22:51,20.00,350.00,22.00,5.00,-TSRA
EWR,2024-06-14 23:51,21.11,90.00,4.00,10.00,null
EWR,2024-06-15 00:51,21.67,300.00,6.00,10.00,-RA
EWR,2024-06-15 01:51,21.67,120.00,3.00,10.00,null
EWR,2024-06-15 02:51,21.67,60.00,3.00,10.00,null
EWR,2024-06-15 03:51,21.11,300.00,6.00,10.00,null
EWR,2024-06-15 04:51,21.11,280.00,5.00,10.00,null
EWR,2024-06-15 05:51,20.56,240.00,4.00,10.00,null
EWR,2024-06-15 06:51,20.00,230.00,5.00,10.00,null
EWR,2024-06-15 07:51,19.44,290.00,6.00,10.00,null
EWR,2024-06-15 08:51,20.00,340.00,8.00,10.00,null
EWR,2024-06-15 09:51,20.00,340.00,8.00,10.00,null
EWR,2024-06-15 10:51,21.11,10.00,12.00,10.00,null
EWR,2024-06-15 11:51,22.22,10.00,13.00,10.00,null
EWR,2024-06-15 12:51,23.89,340.00,14.00,10.00,null
EWR,2024-06-15 13:51,25.00,340.00,12.00,10.00,null
EWR,2024-06-15 14:51,26.11,360.00,11.00,10.00,null
EWR,2024-06-15 15:51,26.67,20.00,7.00,10.00,null
EWR,2024-06-15 16:51,26.67,320.00,11.00,10.00,null
EWR,2024-06-15 17:51,28.33,300.00,12.00,10.00,null
EWR,2024-06-15 18:51,28.89,310.00,12.00,10.00,null
EWR,2024-06-15 19:51,29.44,310.00,12.00,10.00,null
EWR,2024-06-15 20:51,28.89,320.00,15.00,10.00,null
EWR,2024-06-15 21:51,28.33,280.00,11.00,10.00,null
EWR,2024-06-15 22:51,27.78,300.00,12.00,10.00,null
EWR,2024-06-15 23:51,26.67,320.00,11.00,10.00,null
EWR,2024-06-16 00:51,25.56,310.00,7.00,10.00,null
EWR,2024-06-16 01:51,25.00,310.00,6.00,10.00,null
EWR,2024-06-16 02:51,23.89,310.00,7.00,10.00,null
EWR,2024-06-16 03:51,22.78,350.00,10.00,10.00,null
EWR,2024-06-16 04:51,20.56,20.00,9.00,10.00,null
EWR,2024-06-16 05:51,19.44,20.00,6.00,10.00,null
EWR,2024-06-16 06:51,18.89,30.00,6.00,10.00,null
EWR,2024-06-16 07:51,17.78,20.00,8.00,10.00,null
EWR,2024-06-16 08:51,17.78,20.00,11.00,10.00,null
EWR,2024-06-16 09:51,17.22,20.00,11.00,10.00,null
EWR,2024-06-16 10:51,18.33,20.00,10.00,10.00,null
EWR,2024-06-16 11:51,19.44,360.00,11.00,10.00,null
EWR,2024-06-16 12:51,21.11,50.00,7.00,10.00,null
EWR,2024-06-16 13:51,22.22,30.00,9.00,10.00,null
EWR,2024-06-16 14:51,22.78,110.00,8.00,10.00,null
EWR,2024-06-16 15:51,24.44,null,6.00,10.00,null
EWR,2024-06-16 16:51,23.89,210.00,3.00,10.00,null
EWR,2024-06-16 17:51,23.89,160.00,10.00,10.00,null
EWR,2024-06-16 18:51,24.44,150.00,9.00,10.00,null
EWR,2024-06-16 19:51,22.78,150.00,9.00,10.00,null
EWR,2024-06-16 20:51,22.22,150.00,10.00,10.00,null
EWR,2024-06-16 21:51,22.22,140.00,10.00,10.00,null
EWR,2024-06-16 22:51,21.67,140.00,9.00,10.00,null
EWR,2024-06-16 23:51,20.56,140.00,10.00,10.00,null
EWR,2024-06-17 00:51,20.00,140.00,6.00,10.00,null
EWR,2024-06-17 01:51,20.00,130.00,6.00,10.00,null
EWR,2024-06-17 02:51,20.00,150.00,4.00,10.00,null
EWR,2024-06-17 03:51,19.44,130.00,5.00,10.00,null
EWR,2024-06-17 04:51,19.44,160.00,5.00,10.00,null
EWR,2024-06-17 05:51,19.44,150.00,3.00,10.00,null
EWR,2024-06-17 06:51,20.00,130.00,3.00,10.00,null
EWR,2024-06-17 07:51,19.44,140.00,4.00,10.00,null
EWR,2024-06-17 08:51,19.44,160.00,3.00,10.00,null
EWR,2024-06-17 09:51,19.44,null,4.00,10.00,null
EWR,2024-06-17 10:51,20.56,180.00,5.00,10.00,null
EWR,2024-06-17 11:51,21.67,190.00,7.00,10.00,null
EWR,2024-06-17 12:51,24.44,230.00,9.00,10.00,null
EWR,2024-06-17 13:51,26.67,190.00,9.00,10.00,null
EWR,2024-06-17 14:51,27.78,180.00,10.00,10.00,null
EWR,2024-06-17 15:51,29.44,180.00,10.00,10.00,null
EWR,2024-06-17 16:51,30.56,220.00,12.00,10.00,null
EWR,2024-06-17 17:51,31.11,200.00,9.00,10.00,null
EWR,2024-06-17 18:51,31.67,200.00,12.00,10.00,null
EWR,2024-06-17 19:51,32.22,230.00,12.00,10.00,null
EWR,2024-06-17 20:51,32.22,250.00,11.00,10.00,null
EWR,2024-06-17 21:51,30.00,170.00,9.00,10.00,null
EWR,2024-06-17 22:51,29.44,160.00,9.00,10.00,null
EWR,2024-06-17 23:51,28.33,180.00,13.00,10.00,null
EWR,2024-06-18 00:51,27.78,180.00,11.00,10.00,null
EWR,2024-06-18 01:51,26.67,190.00,10.00,10.00,null
EWR,2024-06-18 02:51,26.11,200.00,11.00,10.00,null
EWR,2024-06-18 03:51,24.44,200.00,9.00,10.00,null
EWR,2024-06-18 04:51,23.89,200.00,8.00,10.00,null
EWR,2024-06-18 05:51,23.89,230.00,11.00,10.00,null
EWR,2024-06-18 06:51,23.33,220.00,14.00,10.00,null
EWR,2024-06-18 07:51,22.78,220.00,11.00,10.00,null
EWR,2024-06-18 08:51,22.78,230.00,8.00,10.00,null
EWR,2024-06-18 09:51,22.22,230.00,11.00,10.00,null
EWR,2024-06-18 10:51,23.33,220.00,8.00,10.00,null
EWR,2024-06-18 11:51,25.00,230.00,13.00,10.00,null
EWR,2024-06-18 12:51,26.67,240.00,8.00,10.00,null
EWR,2024-06-18 13:51,28.33,200.00,7.00,10.00,null
EWR,2024-06-18 14:51,30.56,220.00,7.00,10.00,null
EWR,2024-06-18 15:51,31.67,null,5.00,10.00,null
EWR,2024-06-18 16:51,31.11,160.00,9.00,10.00,null
EWR,2024-06-18 17:51,31.67,150.00,8.00,10.00,null
EWR,2024-06-18 18:51,32.22,150.00,9.00,10.00,null
EWR,2024-06-18 19:51,32.78,140.00,8.00,10.00,null
EWR,2024-06-18 20:51,32.78,140.00,9.00,10.00,null
EWR,2024-06-18 21:51,31.67,150.00,10.00,10.00,null
EWR,2024-06-18 22:51,30.56,160.00,10.00,10.00,null
EWR,2024-06-18 23:51,28.89,160.00,8.00,10.00,null
EWR,2024-06-19 00:51,28.89,170.00,8.00,10.00,null
EWR,2024-06-19 01:51,27.78,190.00,9.00,10.00,null
EWR,2024-06-19 02:51,26.67,190.00,6.00,10.00,null
EWR,2024-06-19 03:51,25.56,180.00,7.00,10.00,null
EWR,2024-06-19 04:51,24.44,190.00,6.00,10.00,null
EWR,2024-06-19 05:51,23.89,190.00,9.00,10.00,null
EWR,2024-06-19 06:51,22.78,200.00,8.00,10.00,null
EWR,2024-06-19 07:51,22.78,230.00,6.00,10.00,null
EWR,2024-06-19 08:51,22.78,210.00,4.00,10.00,null
EWR,2024-06-19 09:51,22.78,180.00,6.00,10.00,null
EWR,2024-06-19 10:51,23.33,190.00,5.00,10.00,null
EWR,2024-06-19 11:51,24.44,200.00,4.00,10.00,null
EWR,2024-06-19 12:51,26.11,230.00,7.00,10.00,null
EWR,2024-06-19 13:51,28.33,null,null,10.00,null
EWR,2024-06-19 14:51,29.44,260.00,5.00,10.00,null
EWR,2024-06-19 15:51,31.11,200.00,4.00,10.00,null
EWR,2024-06-19 16:51,33.89,190.00,4.00,10.00,null
EWR,2024-06-19 17:51,32.22,160.00,13.00,10.00,null
EWR,2024-06-19 18:51,31.67,150.00,9.00,10.00,null
EWR,2024-06-19 19:51,31.67,140.00,9.00,10.00,null
EWR,2024-06-19 20:51,31.67,150.00,10.00,10.00,null
EWR,2024-06-19 21:51,31.11,150.00,8.00,10.00,null
EWR,2024-06-19 22:51,30.56,150.00,7.00,10.00,null
EWR,2024-06-19 23:51,29.44,160.00,6.00,10.00,null
EWR,2024-06-20 00:51,27.78,150.00,7.00,10.00,null
EWR,2024-06-20 01:51,27.22,170.00,6.00,10.00,null
EWR,2024-06-20 02:51,26.11,200.00,8.00,10.00,null
EWR,2024-06-20 03:51,25.00,210.00,9.00,10.00,null
EWR,2024-06-20 04:51,25.00,230.00,8.00,10.00,null
EWR,2024-06-20 05:51,23.89,220.00,8.00,10.00,null
EWR,2024-06-20 06:51,23.33,210.00,6.00,10.00,null
EWR,2024-06-20 07:51,22.78,210.00,7.00,10.00,null
EWR,2024-06-20 08:51,22.22,200.00,5.00,10.00,null
EWR,2024-06-20 09:51,22.78,230.00,6.00,10.00,null
EWR,2024-06-20 10:51,23.33,230.00,6.00,10.00,null
EWR,2024-06-20 11:51,25.56,230.00,9.00,10.00,null
EWR,2024-06-20 12:51,27.78,250.00,7.00,10.00,null
EWR,2024-06-20 13:51,30.00,220.00,6.00,10.00,null
EWR,2024-06-20 14:51,31.11,230.00,7.00,10.00,null
EWR,2024-06-20 15:51,33.89,240.00,8.00,10.00,null
EWR,2024-06-20 16:51,34.44,230.00,7.00,10.00,null
EWR,2024-06-20 17:51,35.56,250.00,8.00,10.00,null
EWR,2024-06-20 18:51,35.56,280.00,8.00,10.00,null
EWR,2024-06-20 19:51,35.00,200.00,7.00,10.00,null
EWR,2024-06-20 20:51,35.00,200.00,7.00,10.00,null
EWR,2024-06-20 21:51,34.44,210.00,10.00,10.00,null
EWR,2024-06-20 22:51,34.44,250.00,10.00,10.00,null
EWR,2024-06-20 23:51,33.89,270.00,8.00,10.00,null
EWR,2024-06-21 00:51,32.78,260.00,5.00,10.00,null
EWR,2024-06-21 01:51,31.67,230.00,10.00,10.00,null
EWR,2024-06-21 02:51,30.56,220.00,9.00,10.00,null
EWR,2024-06-21 03:51,29.44,240.00,11.00,10.00,null
EWR,2024-06-21 04:51,28.89,250.00,11.00,10.00,null
EWR,2024-06-21 05:51,27.78,230.00,12.00,10.00,null
EWR,2024-06-21 06:51,26.67,230.00,10.00,10.00,null
EWR,2024-06-21 07:51,26.11,240.00,10.00,10.00,null
EWR,2024-06-21 08:51,25.56,240.00,11.00,10.00,null
EWR,2024-06-21 09:51,25.00,230.00,8.00,10.00,null
EWR,2024-06-21 10:51,26.11,240.00,9.00,10.00,null
EWR,2024-06-21 11:51,27.78,220.00,6.00,10.00,null
EWR,2024-06-21 12:51,30.00,250.00,7.00,10.00,null
EWR,2024-06-21 13:51,32.22,null,6.00,10.00,null
EWR,2024-06-21 14:51,32.78,270.00,6.00,10.00,null
EWR,2024-06-21 15:51,34.44,240.00,6.00,10.00,null
EWR,2024-06-21 16:51,36.11,null,6.00,10.00,null
EWR,2024-06-21 17:51,36.67,250.00,7.00,10.00,null
EWR,2024-06-21 18:51,36.67,240.00,12.00,10.00,null
EWR,2024-06-21 19:51,37.22,240.00,5.00,10.00,null
EWR,2024-06-21 20:51,37.22,250.00,9.00,10.00,null
EWR,2024-06-21 21:51,36.11,260.00,10.00,10.00,null
EWR,2024-06-21 22:51,36.11,260.00,8.00,10.00,null
EWR,2024-06-21 23:51,28.89,20.00,15.00,10.00,null
EWR,2024-06-22 00:51,28.33,30.00,7.00,10.00,null
EWR,2024-06-22 01:51,27.78,20.00,7.00,10.00,null
EWR,2024-06-22 02:51,28.33,110.00,3.00,10.00,null
EWR,2024-06-22 03:51,28.33,330.00,11.00,10.00,null
EWR,2024-06-22 04:51,26.67,0.00,0.00,10.00,null
EWR,2024-06-22 05:51,27.22,0.00,0.00,10.00,null
EWR,2024-06-22 06:51,26.11,200.00,4.00,10.00,null
EWR,2024-06-22 07:51,26.11,170.00,4.00,10.00,null
EWR,2024-06-22 08:51,26.67,0.00,0.00,10.00,null
EWR,2024-06-22 09:51,26.67,220.00,5.00,10.00,null
EWR,2024-06-22 10:51,27.22,240.00,7.00,10.00,null
EWR,2024-06-22 11:51,28.33,240.00,7.00,10.00,null
EWR,2024-06-22 12:51,28.89,240.00,6.00,10.00,null
EWR,2024-06-22 13:51,31.11,270.00,6.00,10.00,null
EWR,2024-06-22 14:51,32.78,null,null,10.00,null
EWR,2024-06-22 15:51,33.33,0.00,0.00,10.00,null
EWR,2024-06-22 16:51,33.89,90.00,9.00,10.00,null
EWR,2024-06-22 17:51,32.78,120.00,8.00,10.00,TS
EWR,2024-06-22 18:51,31.11,90.00,9.00,10.00,null
EWR,2024-06-22 19:51,27.22,210.00,14.00,10.00,-TSRA
EWR,2024-06-22 20:51,27.78,170.00,10.00,10.00,null
EWR,2024-06-22 21:51,31.11,210.00,5.00,10.00,null
EWR,2024-06-22 22:51,30.56,170.00,5.00,10.00,null
EWR,2024-06-22 23:51,30.00,80.00,3.00,10.00,-RA
EWR,2024-06-23 00:51,27.22,230.00,9.00,7.00,-TSRA
EWR,2024-06-23 01:51,25.56,null,4.00,10.00,-RA
EWR,2024-06-23 02:51,25.56,130.00,7.00,7.00,-RA
EWR,2024-06-23 03:51,25.00,0.00,0.00,10.00,null
EWR,2024-06-23 04:51,25.00,110.00,3.00,10.00,-RA
EWR,2024-06-23 05:51,25.00,0.00,0.00,10.00,null
EWR,2024-06-23 06:51,25.00,80.00,4.00,10.00,null
EWR,2024-06-23 07:51,25.00,0.00,0.00,10.00,null
EWR,2024-06-23 08:51,25.00,0.00,0.00,10.00,null
EWR,2024-06-23 09:51,24.44,null,3.00,10.00,null
EWR,2024-06-23 10:51,24.44,0.00,0.00,10.00,null
EWR,2024-06-23 11:51,26.11,190.00,5.00,10.00,null
EWR,2024-06-23 12:51,27.22,190.00,5.00,10.00,null
EWR,2024-06-23 13:51,30.56,230.00,10.00,10.00,null
EWR,2024-06-23 14:51,32.78,240.00,11.00,10.00,null
EWR,2024-06-23 15:51,34.44,240.00,13.00,10.00,null
EWR,2024-06-23 16:51,36.11,240.00,11.00,10.00,null
EWR,2024-06-23 17:51,35.00,240.00,10.00,10.00,null
EWR,2024-06-23 18:51,36.11,210.00,15.00,10.00,null
EWR,2024-06-23 19:51,36.67,240.00,18.00,10.00,null
EWR,2024-06-23 20:51,35.56,230.00,15.00,10.00,null
EWR,2024-06-23 21:51,35.00,230.00,21.00,10.00,null
EWR,2024-06-23 22:51,34.44,230.00,20.00,10.00,null
EWR,2024-06-23 23:51,32.78,200.00,17.00,10.00,null
EWR,2024-06-24 00:51,31.11,220.00,16.00,10.00,null
EWR,2024-06-24 01:51,29.44,200.00,13.00,10.00,null
EWR,2024-06-24 02:51,27.22,200.00,11.00,10.00,null
EWR,2024-06-24 03:51,26.67,190.00,10.00,10.00,null
EWR,2024-06-24 04:51,27.78,220.00,9.00,10.00,null
EWR,2024-06-24 05:51,27.78,230.00,11.00,10.00,null
EWR,2024-06-24 06:51,27.22,220.00,7.00,10.00,null
EWR,2024-06-24 07:51,27.22,230.00,9.00,10.00,null
EWR,2024-06-24 08:51,27.22,260.00,14.00,10.00,null
EWR,2024-06-24 09:51,26.67,270.00,10.00,10.00,null
EWR,2024-06-24 10:51,26.67,280.00,13.00,10.00,null
EWR,2024-06-24 11:51,26.11,260.00,13.00,10.00,null
EWR,2024-06-24 12:51,27.22,280.00,18.00,10.00,null
EWR,2024-06-24 13:51,27.78,300.00,15.00,10.00,null
EWR,2024-06-24 14:51,27.78,280.00,21.00,10.00,null
EWR,2024-06-24 15:51,27.78,290.00,17.00,10.00,null
EWR,2024-06-24 16:51,27.22,290.00,18.00,10.00,null
EWR,2024-06-24 17:51,27.22,290.00,22.00,10.00,null
EWR,2024-06-24 18:51,27.22,280.00,26.00,10.00,null
EWR,2024-06-24 19:51,26.67,290.00,23.00,10.00,null
EWR,2024-06-24 20:51,25.56,300.00,28.00,10.00,null
EWR,2024-06-24 21:51,25.56,320.00,18.00,10.00,null
EWR,2024-06-24 22:51,25.00,330.00,21.00,10.00,null
EWR,2024-06-24 23:51,25.00,330.00,16.00,10.00,null
EWR,2024-06-25 00:51,25.00,320.00,16.00,10.00,null
EWR,2024-06-25 01:51,25.00,330.00,18.00,10.00,null
EWR,2024-06-25 02:51,24.44,320.00,13.00,10.00,null
EWR,2024-06-25 03:51,23.33,300.00,8.00,10.00,null
EWR,2024-06-25 04:51,22.78,300.00,11.00,10.00,null
EWR,2024-06-25 05:51,22.78,310.00,7.00,10.00,null
EWR,2024-06-25 06:51,22.22,310.00,9.00,10.00,null
EWR,2024-06-25 07:51,21.11,280.00,6.00,10.00,null
EWR,2024-06-25 08:51,21.11,260.00,5.00,10.00,null
EWR,2024-06-25 09:51,20.56,240.00,6.00,10.00,null
EWR,2024-06-25 10:51,23.33,290.00,5.00,10.00,null
EWR,2024-06-25 11:51,25.56,290.00,7.00,10.00,null
EWR,2024-06-25 12:51,27.78,null,5.00,10.00,null
EWR,2024-06-25 13:51,30.00,320.00,12.00,10.00,null
EWR,2024-06-25 14:51,31.67,300.00,10.00,10.00,null
EWR,2024-06-25 15:51,32.78,310.00,8.00,10.00,null
EWR,2024-06-25 16:51,32.78,270.00,16.00,10.00,null
EWR,2024-06-25 17:51,33.33,280.00,11.00,10.00,null
EWR,2024-06-25 18:51,33.89,240.00,15.00,10.00,null
EWR,2024-06-25 19:51,34.44,250.00,11.00,10.00,null
EWR,2024-06-25 20:51,33.89,240.00,13.00,10.00,null
EWR,2024-06-25 21:51,33.33,260.00,13.00,10.00,null
EWR,2024-06-25 22:51,32.78,240.00,15.00,10.00,null
EWR,2024-06-25 23:51,31.11,220.00,15.00,10.00,null
EWR,2024-06-26 00:51,29.44,200.00,11.00,10.00,null
EWR,2024-06-26 01:51,28.89,200.00,11.00,10.00,null
EWR,2024-06-26 02:51,27.22,200.00,12.00,10.00,null
EWR,2024-06-26 03:51,27.22,190.00,12.00,10.00,null
EWR,2024-06-26 04:51,27.22,210.00,12.00,10.00,null
EWR,2024-06-26 05:51,26.67,220.00,16.00,10.00,null
EWR,2024-06-26 06:51,25.56,220.00,12.00,10.00,null
EWR,2024-06-26 07:51,25.00,230.00,9.00,10.00,null
EWR,2024-06-26 08:51,24.44,220.00,9.00,10.00,null
EWR,2024-06-26 09:51,24.44,190.00,5.00,10.00,null
EWR,2024-06-26 10:51,25.00,220.00,9.00,10.00,null
EWR,2024-06-26 11:51,26.11,230.00,11.00,10.00,null
EWR,2024-06-26 12:51,27.78,240.00,9.00,10.00,null
EWR,2024-06-26 13:51,30.00,230.00,10.00,10.00,null
EWR,2024-06-26 14:51,31.67,250.00,13.00,10.00,null
EWR,2024-06-26 15:51,32.78,230.00,13.00,10.00,null
EWR,2024-06-26 16:51,34.44,240.00,14.00,10.00,null
EWR,2024-06-26 17:51,35.56,230.00,13.00,10.00,null
EWR,2024-06-26 18:51,35.00,280.00,7.00,10.00,null
EWR,2024-06-26 19:51,36.11,300.00,8.00,10.00,null
EWR,2024-06-26 20:51,35.00,230.00,10.00,10.00,null
EWR,2024-06-26 21:51,35.00,260.00,12.00,10.00,null
EWR,2024-06-26 22:51,34.44,270.00,8.00,10.00,null
EWR,2024-06-26 23:51,33.89,260.00,9.00,10.00,null
EWR,2024-06-27 00:51,23.33,300.00,6.00,10.00,-TSRA
EWR,2024-06-27 01:51,25.00,330.00,10.00,10.00,null
EWR,2024-06-27 02:51,25.00,10.00,4.00,10.00,TS
EWR,2024-06-27 03:51,23.89,230.00,6.00,10.00,null
EWR,2024-06-27 04:51,23.33,300.00,11.00,8.00,TS
EWR,2024-06-27 05:51,21.67,270.00,5.00,8.00,-TSRA
EWR,2024-06-27 06:51,21.67,190.00,3.00,10.00,null
EWR,2024-06-27 07:51,21.67,260.00,9.00,10.00,-RA
EWR,2024-06-27 08:51,21.67,260.00,7.00,10.00,null
EWR,2024-06-27 09:51,21.11,260.00,4.00,10.00,null
EWR,2024-06-27 10:51,21.11,null,5.00,10.00,null
EWR,2024-06-27 11:51,21.67,null,5.00,10.00,null
EWR,2024-06-27 12:51,23.33,310.00,8.00,10.00,null
EWR,2024-06-27 13:51,25.00,340.00,8.00,10.00,null
EWR,2024-06-27 14:51,26.11,290.00,12.00,10.00,null
EWR,2024-06-27 15:51,28.33,320.00,12.00,10.00,null
EWR,2024-06-27 16:51,28.33,300.00,9.00,10.00,null
EWR,2024-06-27 17:51,29.44,280.00,11.00,10.00,null
EWR,2024-06-27 18:51,30.00,280.00,10.00,10.00,null
EWR,2024-06-27 19:51,30.56,250.00,14.00,10.00,null
EWR,2024-06-27 20:51,30.00,280.00,5.00,10.00,null
EWR,2024-06-27 21:51,30.00,290.00,7.00,10.00,null
EWR,2024-06-27 22:51,29.44,340.00,14.00,10.00,null
EWR,2024-06-27 23:51,27.22,320.00,15.00,10.00,null
EWR,2024-06-28 00:51,25.56,330.00,16.00,10.00,null
EWR,2024-06-28 01:51,24.44,340.00,14.00,10.00,null
EWR,2024-06-28 02:51,23.33,340.00,13.00,10.00,null
EWR,2024-06-28 03:51,22.22,360.00,14.00,10.00,null
EWR,2024-06-28 04:51,21.11,360.00,13.00,10.00,null
EWR,2024-06-28 05:51,20.56,360.00,12.00,10.00,null
EWR,2024-06-28 06:51,19.44,360.00,9.00,10.00,null
EWR,2024-06-28 07:51,17.78,10.00,8.00,10.00,null
EWR,2024-06-28 08:51,17.78,20.00,5.00,10.00,null
EWR,2024-06-28 09:51,17.78,10.00,6.00,10.00,null
EWR,2024-06-28 10:51,19.44,30.00,6.00,10.00,null
EWR,2024-06-28 11:51,20.56,30.00,11.00,10.00,null
EWR,2024-06-28 12:51,21.11,30.00,10.00,10.00,null
EWR,2024-06-28 13:51,21.67,30.00,9.00,10.00,null
EWR,2024-06-28 14:51,23.33,50.00,9.00,10.00,null
EWR,2024-06-28 15:51,23.89,350.00,8.00,10.00,null
EWR,2024-06-28 16:51,25.56,80.00,4.00,10.00,null
EWR,2024-06-28 17:51,26.11,60.00,4.00,10.00,null
EWR,2024-06-28 18:51,25.56,180.00,10.00,10.00,null
EWR,2024-06-28 19:51,26.11,160.00,7.00,10.00,null
EWR,2024-06-28 20:51,24.44,140.00,12.00,10.00,null
EWR,2024-06-28 21:51,23.89,170.00,12.00,10.00,null
EWR,2024-06-28 22:51,23.89,150.00,6.00,10.00,null
EWR,2024-06-28 23:51,22.22,170.00,9.00,10.00,null
EWR,2024-06-29 00:51,21.11,160.00,7.00,10.00,null
EWR,2024-06-29 01:51,20.56,160.00,7.00,10.00,null
EWR,2024-06-29 02:51,20.00,160.00,5.00,10.00,null
EWR,2024-06-29 03:51,20.00,160.00,5.00,10.00,null
EWR,2024-06-29 04:51,19.44,150.00,3.00,10.00,null
EWR,2024-06-29 05:51,19.44,190.00,3.00,10.00,null
EWR,2024-06-29 06:51,20.00,0.00,0.00,10.00,null
EWR,2024-06-29 07:51,20.56,160.00,4.00,10.00,null
EWR,2024-06-29 08:51,21.11,160.00,4.00,10.00,null
EWR,2024-06-29 09:51,21.11,null,4.00,10.00,null
EWR,2024-06-29 10:51,21.67,140.00,7.00,10.00,null
EWR,2024-06-29 11:51,22.22,150.00,7.00,10.00,null
EWR,2024-06-29 12:51,22.78,170.00,8.00,10.00,null
EWR,2024-06-29 13:51,23.89,150.00,9.00,10.00,null
EWR,2024-06-29 14:51,25.00,160.00,10.00,10.00,null
EWR,2024-06-29 15:51,27.78,140.00,10.00,10.00,null
EWR,2024-06-29 16:51,26.67,160.00,11.00,10.00,null
EWR,2024-06-29 17:51,26.67,140.00,12.00,10.00,null
EWR,2024-06-29 18:51,27.22,130.00,12.00,10.00,null
EWR,2024-06-29 19:51,29.44,160.00,15.00,10.00,null
EWR,2024-06-29 20:51,28.33,160.00,13.00,10.00,null
EWR,2024-06-29 21:51,28.33,170.00,11.00,10.00,null
EWR,2024-06-29 22:51,27.22,160.00,9.00,10.00,null
EWR,2024-06-29 23:51,27.22,180.00,12.00,10.00,null
EWR,2024-06-30 00:51,26.67,180.00,7.00,10.00,null
EWR,2024-06-30 01:51,25.56,190.00,7.00,5.00,RA
EWR,2024-06-30 02:51,25.00,190.00,7.00,10.00,null
EWR,2024-06-30 03:51,25.00,210.00,9.00,10.00,null
EWR,2024-06-30 04:51,25.00,210.00,9.00,10.00,-RA
EWR,2024-06-30 05:51,25.00,200.00,8.00,10.00,-RA
EWR,2024-06-30 06:51,25.00,230.00,9.00,10.00,-RA
EWR,2024-06-30 07:51,25.00,230.00,8.00,10.00,-RA
EWR,2024-06-30 08:51,25.00,220.00,7.00,10.00,null
EWR,2024-06-30 09:51,25.56,220.00,8.00,10.00,null
EWR,2024-06-30 10:51,25.56,210.00,7.00,10.00,null
EWR,2024-06-30 11:51,26.11,240.00,9.00,10.00,null
EWR,2024-06-30 12:51,27.22,250.00,12.00,10.00,null
EWR,2024-06-30 13:51,28.89,230.00,11.00,10.00,null
EWR,2024-06-30 14:51,28.89,220.00,14.00,10.00,null
EWR,2024-06-30 15:51,28.33,220.00,14.00,10.00,null
EWR,2024-06-30 16:51,28.89,220.00,13.00,10.00,null
EWR,2024-06-30 17:51,30.00,220.00,13.00,10.00,null
EWR,2024-06-30 18:51,30.56,220.00,17.00,10.00,null
EWR,2024-06-30 19:51,32.22,250.00,12.00,10.00,TS
EWR,2024-06-30 20:51,23.89,340.00,17.00,6.00,-TSRA
EWR,2024-06-30 21:51,23.89,210.00,9.00,5.00,+TSRA BR
EWR,2024-06-30 22:51,23.89,200.00,9.00,10.00,TS
EWR,2024-06-30 23:51,24.44,340.00,9.00,10.00,null
